date,time,model,logloss,top1,top3
17457,M,freq_indep,4.236174757661319,FALSE,FALSE
17457,E,freq_indep,4.8258663003258215,FALSE,FALSE
17458,M,freq_indep,5.008187857119776,FALSE,FALSE
17458,E,freq_indep,4.654825776433952,FALSE,FALSE
17459,M,freq_indep,3.874667218884377,FALSE,FALSE
17459,E,freq_indep,4.9128649477051045,FALSE,FALSE
17460,M,freq_indep,5.0670156275323635,FALSE,FALSE
17460,E,freq_indep,5.452468046375294,FALSE,FALSE
17461,M,freq_indep,5.606618726202553,FALSE,FALSE
17461,E,freq_indep,4.787690135799263,FALSE,FALSE
17462,M,freq_indep,4.6133367486544845,FALSE,FALSE
17462,E,freq_indep,4.969813299576001,FALSE,FALSE
17463,M,freq_indep,4.2095268161784265,FALSE,FALSE
17463,E,freq_indep,4.4865743200746815,FALSE,FALSE
17464,M,freq_indep,5.025570820807369,FALSE,FALSE
17464,E,freq_indep,5.142394283608613,FALSE,FALSE
17465,M,freq_indep,5.02461124795223,FALSE,FALSE
17465,E,freq_indep,4.6096245363374715,FALSE,FALSE
17466,M,freq_indep,4.6096245363374715,FALSE,FALSE
17466,E,freq_indep,5.442590855704461,FALSE,FALSE
17467,M,freq_indep,4.8548041908023425,FALSE,FALSE
17467,E,freq_indep,4.210274029229161,FALSE,FALSE
17468,M,freq_indep,4.662259152972219,FALSE,FALSE
17468,E,freq_indep,4.906755163608864,FALSE,FALSE
17469,M,freq_indep,4.688065962644035,FALSE,FALSE
17469,E,freq_indep,4.038415339141626,FALSE,FALSE
17470,M,freq_indep,5.560841874586098,FALSE,FALSE
17470,E,freq_indep,5.0263836510643944,FALSE,FALSE
17471,M,freq_indep,4.1689334192131735,FALSE,FALSE
17471,E,freq_indep,4.876875303916732,FALSE,FALSE
17472,M,freq_indep,4.358081510501564,FALSE,FALSE
17472,E,freq_indep,4.24909030306067,FALSE,FALSE
17473,M,freq_indep,4.431411859854625,FALSE,FALSE
17473,E,freq_indep,5.100011597309828,FALSE,FALSE
17474,M,freq_indep,4.05018947281115,FALSE,FALSE
17474,E,freq_indep,3.787825208343659,TRUE,TRUE
17475,M,freq_indep,4.663293945697559,FALSE,FALSE
17475,E,freq_indep,5.100011597309828,FALSE,FALSE
17476,M,freq_indep,4.589185973543837,FALSE,FALSE
17476,E,freq_indep,4.075507280795439,FALSE,FALSE
17477,M,freq_indep,5.174119569463549,FALSE,FALSE
17477,E,freq_indep,4.360344401114989,FALSE,FALSE
17478,M,freq_indep,4.480972388903604,FALSE,FALSE
17478,E,freq_indep,3.7137172361899373,FALSE,TRUE
17479,M,freq_indep,4.678798132233524,FALSE,FALSE
17479,E,freq_indep,4.694546489201663,FALSE,FALSE
17533,M,freq_indep,5.290537179229074,FALSE,FALSE
17533,E,freq_indep,5.290537179229074,FALSE,FALSE
17534,M,freq_indep,4.1588830833596715,FALSE,FALSE
17534,E,freq_indep,3.817956496389079,FALSE,FALSE
17535,M,freq_indep,4.765255601335164,FALSE,FALSE
17535,E,freq_indep,4.205639813399741,FALSE,FALSE
17536,M,freq_indep,4.236174757661319,FALSE,FALSE
17536,E,freq_indep,3.7741392980647595,FALSE,FALSE
17537,M,freq_indep,4.25050215542226,FALSE,FALSE
17537,E,freq_indep,5.701335037679722,FALSE,FALSE
17538,M,freq_indep,4.567814399444322,FALSE,FALSE
17538,E,freq_indep,4.249360668325788,FALSE,FALSE
17539,M,freq_indep,4.07376385452208,FALSE,FALSE
17539,E,freq_indep,4.7305433909111505,FALSE,FALSE
17540,M,freq_indep,4.508006437534443,FALSE,FALSE
17540,E,freq_indep,6.012083834310718,FALSE,FALSE
17541,M,freq_indep,3.9201895680945396,FALSE,FALSE
17541,E,freq_indep,4.143333119408749,FALSE,FALSE
17542,M,freq_indep,4.969813299576001,FALSE,FALSE
17542,E,freq_indep,4.661511939921484,FALSE,FALSE
17543,M,freq_indep,4.237113460443098,FALSE,FALSE
17543,E,freq_indep,4.42203579893711,FALSE,FALSE
17544,M,freq_indep,4.58277849567319,FALSE,FALSE
17544,E,freq_indep,5.2069328047461845,FALSE,FALSE
17545,M,freq_indep,4.204159428229307,FALSE,FALSE
17545,E,freq_indep,5.05145728861651,FALSE,FALSE
17546,M,freq_indep,4.972587226458726,FALSE,FALSE
17546,E,freq_indep,4.184129866094455,FALSE,FALSE
17547,M,freq_indep,4.880948353937048,FALSE,FALSE
17547,E,freq_indep,3.804808921120997,FALSE,TRUE
17548,M,freq_indep,4.842216642471293,FALSE,FALSE
17548,E,freq_indep,4.619073091157083,FALSE,FALSE
17549,M,freq_indep,4.143775854799453,FALSE,FALSE
17549,E,freq_indep,5.075334058804397,FALSE,FALSE
17550,M,freq_indep,4.775069222783489,FALSE,FALSE
17550,E,freq_indep,4.620918542956231,FALSE,FALSE
17551,M,freq_indep,4.694553747122777,FALSE,FALSE
17551,E,freq_indep,4.203930830674306,FALSE,FALSE
17552,M,freq_indep,3.9459040440729236,FALSE,FALSE
17552,E,freq_indep,4.5367723755124505,FALSE,FALSE
17553,M,freq_indep,5.841948942039204,FALSE,FALSE
17553,E,freq_indep,4.4938757937395115,FALSE,FALSE
17554,M,freq_indep,4.94586091748257,FALSE,FALSE
17554,E,freq_indep,4.075507280795439,FALSE,FALSE
17555,M,freq_indep,5.436483833931041,FALSE,FALSE
17555,E,freq_indep,4.812329524858046,FALSE,FALSE
17556,M,freq_indep,4.743336653371095,FALSE,FALSE
17556,E,freq_indep,6.352774565805195,FALSE,FALSE
17557,M,freq_indep,5.436483833931041,FALSE,FALSE
17557,E,freq_indep,4.812329524858046,FALSE,FALSE
17558,M,freq_indep,4.041890669996454,FALSE,FALSE
17558,E,freq_indep,4.360344401114989,FALSE,FALSE
17559,M,freq_indep,6.065092493353414,FALSE,FALSE
17612,E,freq_indep,5.5136807305432844,FALSE,FALSE
17613,M,freq_indep,5.5782192516808555,FALSE,FALSE
17613,E,freq_indep,4.4057431612911975,FALSE,FALSE
17614,M,freq_indep,4.98556165654414,FALSE,FALSE
17614,E,freq_indep,6.269332998111438,FALSE,FALSE
17615,M,freq_indep,4.852266978324794,FALSE,FALSE
17615,E,freq_indep,4.690430029938915,FALSE,FALSE
17616,M,freq_indep,4.690430029938915,FALSE,FALSE
17616,E,freq_indep,4.854037177292518,FALSE,FALSE
17617,M,freq_indep,4.602722749011613,FALSE,FALSE
17617,E,freq_indep,5.443283136798223,FALSE,FALSE
17618,M,freq_indep,4.249360668325788,FALSE,FALSE
17618,E,freq_indep,5.983306359406519,FALSE,FALSE
17619,M,freq_indep,5.472480735640528,FALSE,FALSE
17619,E,freq_indep,3.7965101183063017,FALSE,TRUE
17620,M,freq_indep,4.808111029984782,FALSE,FALSE
17620,E,freq_indep,5.634987996186466,FALSE,FALSE
17621,M,freq_indep,4.836480299968694,FALSE,FALSE
17621,E,freq_indep,4.68213122712422,FALSE,FALSE
17622,M,freq_indep,4.458987675810009,FALSE,FALSE
17622,E,freq_indep,3.7934271395147365,FALSE,TRUE
17623,M,freq_indep,4.997399943840672,FALSE,FALSE
17623,E,freq_indep,4.8704605681249715,FALSE,FALSE
17624,M,freq_indep,4.7163098882977135,FALSE,FALSE
17624,E,freq_indep,4.1241167205557705,FALSE,FALSE
17625,M,freq_indep,4.8283137373023015,FALSE,FALSE
17625,E,freq_indep,4.972587226458725,FALSE,FALSE
17626,M,freq_indep,5.6169442428492395,FALSE,FALSE
17626,E,freq_indep,4.497956101680942,FALSE,FALSE
17627,M,freq_indep,4.528727760347696,FALSE,FALSE
17627,E,freq_indep,4.436751534363128,FALSE,FALSE
17628,M,freq_indep,4.523762911352758,FALSE,FALSE
17628,E,freq_indep,4.143775854799453,FALSE,FALSE
17629,M,freq_indep,5.001226086650674,FALSE,FALSE
17629,E,freq_indep,4.515558027298405,FALSE,FALSE
17630,M,freq_indep,5.768320995793772,FALSE,FALSE
17630,E,freq_indep,4.763546618609729,FALSE,FALSE
17631,M,freq_indep,5.2053793708887675,FALSE,FALSE
17631,E,freq_indep,5.6353846641805605,FALSE,FALSE
17632,M,freq_indep,4.719093932306405,FALSE,FALSE
17632,E,freq_indep,4.0013993086417186,FALSE,FALSE
17633,M,freq_indep,4.56101509657714,FALSE,FALSE
17633,E,freq_indep,4.36034440111499,FALSE,FALSE
17634,M,freq_indep,4.743336653371095,FALSE,FALSE
17634,E,freq_indep,5.505476705417992,FALSE,FALSE
17635,M,freq_indep,4.966480204685305,FALSE,FALSE
17635,E,freq_indep,4.812329524858047,FALSE,FALSE
17636,M,freq_indep,4.694546489201663,FALSE,FALSE
17636,E,freq_indep,5.436483833931041,FALSE,FALSE
17637,M,freq_indep,5.031018725822876,FALSE,FALSE
17637,E,freq_indep,4.337871545262931,FALSE,FALSE
17638,M,freq_indep,5.100011597309828,FALSE,FALSE
17638,E,freq_indep,5.254162277137086,FALSE,FALSE
17692,M,freq_indep,3.8089326383048587,TRUE,TRUE
17692,E,freq_indep,4.88507207112091,FALSE,FALSE
17693,M,freq_indep,3.817956496389079,FALSE,FALSE
17693,E,freq_indep,5.27324372899592,FALSE,FALSE
17694,M,freq_indep,4.659895085677338,FALSE,FALSE
17694,E,freq_indep,4.564584905873013,FALSE,FALSE
17695,M,freq_indep,4.390325437488577,FALSE,FALSE
17695,E,freq_indep,4.102643365036796,FALSE,FALSE
17696,M,freq_indep,4.538184227874041,FALSE,FALSE
17696,E,freq_indep,5.008187857119776,FALSE,FALSE
17697,M,freq_indep,4.632352920581893,FALSE,FALSE
17697,E,freq_indep,4.249360668325788,FALSE,FALSE
17698,M,freq_indep,5.0670156275323635,FALSE,FALSE
17698,E,freq_indep,5.249337184326318,FALSE,FALSE
17699,M,freq_indep,4.489657298866247,FALSE,FALSE
17699,E,freq_indep,4.338107400739046,FALSE,FALSE
17700,M,freq_indep,5.124162372420475,FALSE,FALSE
17700,E,freq_indep,4.941840815626521,FALSE,FALSE
17701,M,freq_indep,4.641309232603964,FALSE,FALSE
17701,E,freq_indep,4.661511939921484,FALSE,FALSE
17702,M,freq_indep,4.1501020834534685,FALSE,FALSE
17702,E,freq_indep,5.025570820807369,FALSE,FALSE
17703,M,freq_indep,5.206932804746184,FALSE,FALSE
17703,E,freq_indep,4.177313387565026,FALSE,FALSE
17704,M,freq_indep,4.54063166485052,FALSE,FALSE
17704,E,freq_indep,4.278267400383029,FALSE,FALSE
17705,M,freq_indep,5.106118619083248,FALSE,FALSE
17705,E,freq_indep,4.923797062289294,FALSE,FALSE
17706,M,freq_indep,5.509557013359422,FALSE,FALSE
17706,E,freq_indep,4.528727760347696,FALSE,FALSE
17707,M,freq_indep,3.6635616461296463,TRUE,TRUE
17707,E,freq_indep,4.975748035095815,FALSE,FALSE
17708,M,freq_indep,5.001226086650674,FALSE,FALSE
17708,E,freq_indep,4.713544014198894,FALSE,FALSE
17709,M,freq_indep,4.286716454869556,FALSE,FALSE
17709,E,freq_indep,4.738701578612614,FALSE,FALSE
17710,M,freq_indep,4.311561494866671,FALSE,FALSE
17710,E,freq_indep,4.763546618609729,FALSE,FALSE
17711,M,freq_indep,4.8061053092960355,FALSE,FALSE
17711,E,freq_indep,4.5367723755124505,FALSE,FALSE
17712,M,freq_indep,4.155549988468976,FALSE,FALSE
17712,E,freq_indep,4.443232060920757,FALSE,FALSE
17713,M,freq_indep,3.707782500670122,FALSE,TRUE
17713,E,freq_indep,4.232511029605105,FALSE,FALSE
17714,M,freq_indep,4.812329524858047,FALSE,FALSE
17714,E,freq_indep,4.242561365458606,FALSE,FALSE
17715,M,freq_indep,4.493875793739512,FALSE,FALSE
17715,E,freq_indep,4.193290316451823,FALSE,FALSE
17716,M,freq_indep,4.812329524858047,FALSE,FALSE
17716,E,freq_indep,4.001399308641718,FALSE,FALSE
17717,M,freq_indep,4.966480204685305,FALSE,FALSE
17717,E,freq_indep,5.3719453127934695,FALSE,FALSE
17718,M,freq_indep,4.252713736922624,FALSE,FALSE
17771,E,freq_indep,5.10821562243512,FALSE,FALSE
17772,M,freq_indep,5.290537179229074,FALSE,FALSE
17772,E,freq_indep,4.292414475984194,FALSE,FALSE
17773,M,freq_indep,4.511103676949024,FALSE,FALSE
17773,E,freq_indep,4.765255601335164,FALSE,FALSE
17774,M,freq_indep,3.481240089335692,FALSE,TRUE
17774,E,freq_indep,5.38357721049886,FALSE,FALSE
17775,M,freq_indep,4.690430029938915,FALSE,FALSE
17775,E,freq_indep,4.625195604863671,FALSE,FALSE
17776,M,freq_indep,4.219730496755506,FALSE,FALSE
17776,E,freq_indep,4.162349291336158,FALSE,FALSE
17777,M,freq_indep,4.0081986115089,FALSE,FALSE
17777,E,freq_indep,4.912864947705105,FALSE,FALSE
17778,M,freq_indep,4.191546890178463,FALSE,FALSE
17778,E,freq_indep,4.0661736852554045,FALSE,FALSE
17779,M,freq_indep,4.605170185988091,FALSE,FALSE
17779,E,freq_indep,4.51802656885016,FALSE,FALSE
17780,M,freq_indep,5.52962748052864,FALSE,FALSE
17780,E,freq_indep,4.969813299576001,FALSE,FALSE
17781,M,freq_indep,4.969813299576001,FALSE,FALSE
17781,E,freq_indep,4.689098584186156,FALSE,FALSE
17782,M,freq_indep,5.179721500634627,FALSE,FALSE
17782,E,freq_indep,5.563607748684917,FALSE,FALSE
17783,M,freq_indep,4.919250732294404,FALSE,FALSE
17783,E,freq_indep,4.278267400383029,FALSE,FALSE
17784,M,freq_indep,4.135166556742356,FALSE,FALSE
17784,E,freq_indep,4.27944004589878,FALSE,FALSE
17785,M,freq_indep,4.267017525900223,FALSE,FALSE
17785,E,freq_indep,4.092490993572778,FALSE,FALSE
17786,M,freq_indep,4.305584209033486,FALSE,FALSE
17786,E,freq_indep,4.0312864262549635,FALSE,FALSE
17787,M,freq_indep,4.0312864262549635,FALSE,FALSE
17787,E,freq_indep,3.7972532823247382,TRUE,TRUE
17788,M,freq_indep,4.239086034603778,FALSE,FALSE
17788,E,freq_indep,3.858778490909334,FALSE,FALSE
17789,M,freq_indep,5.585999438999818,FALSE,FALSE
17789,E,freq_indep,6.016309587105096,FALSE,FALSE
17790,M,freq_indep,4.406871674670996,FALSE,FALSE
17790,E,freq_indep,3.850593864268599,FALSE,FALSE
17791,M,freq_indep,4.8061053092960355,FALSE,FALSE
17791,E,freq_indep,5.841948942039204,FALSE,FALSE
17792,M,freq_indep,5.100011597309828,FALSE,FALSE
17792,E,freq_indep,6.352774565805196,FALSE,FALSE
17793,M,freq_indep,5.65962738524525,FALSE,FALSE
17793,E,freq_indep,4.812329524858047,FALSE,FALSE
17794,M,freq_indep,4.812329524858047,FALSE,FALSE
17794,E,freq_indep,5.031018725822876,FALSE,FALSE
17795,M,freq_indep,4.92565821016505,FALSE,FALSE
17795,E,freq_indep,4.848697169028921,FALSE,FALSE
17796,M,freq_indep,3.564681657029449,FALSE,TRUE
17796,E,freq_indep,4.137200849800779,FALSE,FALSE
17797,M,freq_indep,3.787825208343659,FALSE,FALSE
17797,E,freq_indep,4.925658210165049,FALSE,FALSE
17851,M,freq_indep,4.702750514326955,FALSE,FALSE
17851,E,freq_indep,4.702750514326955,FALSE,FALSE
17852,M,freq_indep,5.098890341851143,FALSE,FALSE
17852,E,freq_indep,5.322033893165353,FALSE,FALSE
17853,M,freq_indep,4.456954241680648,FALSE,FALSE
17853,E,freq_indep,5.576185817551493,FALSE,FALSE
17854,M,freq_indep,5.201255653704905,FALSE,FALSE
17854,E,freq_indep,4.882801922586371,FALSE,FALSE
17855,M,freq_indep,4.825866300325822,FALSE,FALSE
17855,E,freq_indep,5.190509413913731,FALSE,FALSE
17856,M,freq_indep,3.571480959896631,TRUE,TRUE
17856,E,freq_indep,4.162349291336158,FALSE,FALSE
17857,M,freq_indep,5.290159178846573,FALSE,FALSE
17857,E,freq_indep,4.7305433909111505,FALSE,FALSE
17858,M,freq_indep,5.1647859739235145,FALSE,FALSE
17858,E,freq_indep,5.031254581298992,FALSE,FALSE
17859,M,freq_indep,4.6133367486544845,FALSE,FALSE
17859,E,freq_indep,4.350972484186993,FALSE,FALSE
17860,M,freq_indep,3.852851872239694,FALSE,FALSE
17860,E,freq_indep,3.4293682586288514,TRUE,TRUE
17861,M,freq_indep,4.4865743200746815,FALSE,FALSE
17861,E,freq_indep,5.025570820807369,FALSE,FALSE
17862,M,freq_indep,4.513785624186239,FALSE,FALSE
17862,E,freq_indep,5.430076356060394,FALSE,FALSE
17863,M,freq_indep,5.926926025970411,FALSE,FALSE
17863,E,freq_indep,4.645992180508347,FALSE,FALSE
17864,M,freq_indep,5.260269298910507,FALSE,FALSE
17864,E,freq_indep,5.077947742116552,FALSE,FALSE
17865,M,freq_indep,4.698626797143094,FALSE,FALSE
17865,E,freq_indep,5.286413462045212,FALSE,FALSE
17866,M,freq_indep,4.619073091157083,FALSE,FALSE
17866,E,freq_indep,5.247681750579457,FALSE,FALSE
17867,M,freq_indep,5.050016250820106,FALSE,FALSE
17867,E,freq_indep,5.001226086650675,FALSE,FALSE
17868,M,freq_indep,5.585999438999818,FALSE,FALSE
17868,E,freq_indep,5.026383651064395,FALSE,FALSE
17869,M,freq_indep,5.100018855230942,FALSE,FALSE
17869,E,freq_indep,4.614511039449241,FALSE,FALSE
17870,M,freq_indep,4.670303768136973,FALSE,FALSE
17870,E,freq_indep,4.11295812873609,FALSE,FALSE
17871,M,freq_indep,4.326821709076346,FALSE,FALSE
17871,E,freq_indep,5.100011597309828,FALSE,FALSE
17872,M,freq_indep,3.731735741692615,FALSE,TRUE
17872,E,freq_indep,5.031018725822876,FALSE,FALSE
17873,M,freq_indep,5.031018725822876,FALSE,FALSE
17873,E,freq_indep,4.966480204685305,FALSE,FALSE
17874,M,freq_indep,4.694546489201663,FALSE,FALSE
17874,E,freq_indep,5.6188053907249955,FALSE,FALSE
17875,M,freq_indep,4.743336653371095,FALSE,FALSE
17875,E,freq_indep,4.94586091748257,FALSE,FALSE
17876,M,freq_indep,4.13720084980078,FALSE,FALSE
17876,E,freq_indep,4.56101509657714,FALSE,FALSE
17877,M,freq_indep,4.848697169028921,FALSE,FALSE
17930,E,freq_indep,4.4150684418751744,FALSE,FALSE
17931,M,freq_indep,4.597389998669129,FALSE,FALSE
17931,E,freq_indep,4.580096548435975,FALSE,FALSE
17932,M,freq_indep,4.310432981486873,FALSE,FALSE
17932,E,freq_indep,3.9667479051173924,FALSE,FALSE
17933,M,freq_indep,3.5612827970092282,FALSE,TRUE
17933,E,freq_indep,4.7957905455967405,FALSE,FALSE
17934,M,freq_indep,4.220426400693179,FALSE,FALSE
17934,E,freq_indep,4.6717156204985635,FALSE,FALSE
17935,M,freq_indep,5.008187857119776,FALSE,FALSE
17935,E,freq_indep,4.701345792068845,FALSE,FALSE
17936,M,freq_indep,4.855496471896103,FALSE,FALSE
17936,E,freq_indep,3.9908761947163125,FALSE,TRUE
17937,M,freq_indep,5.472480735640528,FALSE,FALSE
17937,E,freq_indep,3.8148592569744983,TRUE,TRUE
17938,M,freq_indep,5.164785973923514,FALSE,FALSE
17938,E,freq_indep,4.3664766707229585,FALSE,FALSE
17939,M,freq_indep,4.836480299968694,FALSE,FALSE
17939,E,freq_indep,4.378944968136474,FALSE,FALSE
17940,M,freq_indep,5.557599964478119,FALSE,FALSE
17940,E,freq_indep,3.639276459687478,TRUE,TRUE
17941,M,freq_indep,5.179721500634627,FALSE,FALSE
17941,E,freq_indep,4.331464067392284,FALSE,FALSE
17942,M,freq_indep,5.2069328047461845,FALSE,FALSE
17942,E,freq_indep,4.491841500681089,FALSE,FALSE
17943,M,freq_indep,5.339139361068291,FALSE,FALSE
17943,E,freq_indep,4.279440045898781,FALSE,FALSE
17944,M,freq_indep,5.483412850224717,FALSE,FALSE
17944,E,freq_indep,4.662259152972219,FALSE,FALSE
17945,M,freq_indep,4.662259152972219,FALSE,FALSE
17945,E,freq_indep,6.516193076042964,FALSE,FALSE
17946,M,freq_indep,4.724433606814909,FALSE,FALSE
17946,E,freq_indep,4.867694694026152,FALSE,FALSE
17947,M,freq_indep,5.560841874586097,FALSE,FALSE
17947,E,freq_indep,4.669708707125663,FALSE,FALSE
17948,M,freq_indep,4.001879334550007,FALSE,FALSE
17948,E,freq_indep,4.193778459210288,FALSE,FALSE
17949,M,freq_indep,5.387700927682722,FALSE,FALSE
17949,E,freq_indep,4.942237483620615,FALSE,FALSE
17950,M,freq_indep,3.6094318074517107,TRUE,TRUE
17950,E,freq_indep,3.9324064371547665,FALSE,FALSE
17951,M,freq_indep,4.812329524858047,FALSE,FALSE
17951,E,freq_indep,4.155549988468976,FALSE,FALSE
17952,M,freq_indep,4.13720084980078,FALSE,FALSE
17952,E,freq_indep,4.92565821016505,FALSE,FALSE
17953,M,freq_indep,4.480972388903604,FALSE,FALSE
17953,E,freq_indep,4.406864416749882,FALSE,FALSE
17954,M,freq_indep,4.743336653371095,FALSE,FALSE
17954,E,freq_indep,3.9324064371547665,FALSE,FALSE
17955,M,freq_indep,4.252713736922624,FALSE,FALSE
17955,E,freq_indep,5.841948942039205,FALSE,FALSE
17956,M,freq_indep,4.694546489201663,FALSE,FALSE
17956,E,freq_indep,5.282333154103783,FALSE,FALSE
18010,M,freq_indep,4.954064942607862,FALSE,FALSE
18010,E,freq_indep,4.191924890560965,FALSE,FALSE
18011,M,freq_indep,5.609715965617133,FALSE,FALSE
18011,E,freq_indep,6.5260066974912885,FALSE,FALSE
18012,M,freq_indep,5.01657002961607,FALSE,FALSE
18012,E,freq_indep,3.9179577409479607,FALSE,FALSE
18013,M,freq_indep,4.390325437488577,FALSE,FALSE
18013,E,freq_indep,4.2049222141572145,FALSE,FALSE
18014,M,freq_indep,4.825866300325822,FALSE,FALSE
18014,E,freq_indep,5.9244785889939315,FALSE,FALSE
18015,M,freq_indep,4.6548257764339525,FALSE,FALSE
18015,E,freq_indep,4.249360668325788,FALSE,FALSE
18016,M,freq_indep,4.309329925834847,FALSE,FALSE
18016,E,freq_indep,4.779333555080582,FALSE,FALSE
18017,M,freq_indep,4.808111029984782,FALSE,FALSE
18017,E,freq_indep,5.1647859739235145,FALSE,FALSE
18018,M,freq_indep,4.787690135799262,FALSE,FALSE
18018,E,freq_indep,4.787690135799262,FALSE,FALSE
18019,M,freq_indep,5.375278407684165,FALSE,FALSE
18019,E,freq_indep,4.3636774960056846,FALSE,FALSE
18020,M,freq_indep,4.016570690828946,FALSE,FALSE
18020,E,freq_indep,5.536396444573359,FALSE,FALSE
18021,M,freq_indep,4.80146769663802,FALSE,FALSE
18021,E,freq_indep,4.8704605681249715,FALSE,FALSE
18022,M,freq_indep,4.386480985023262,FALSE,FALSE
18022,E,freq_indep,5.233778845410465,FALSE,FALSE
18023,M,freq_indep,4.923797062289294,FALSE,FALSE
18023,E,freq_indep,5.106118619083248,FALSE,FALSE
18024,M,freq_indep,4.256794044864054,FALSE,FALSE
18024,E,freq_indep,4.123262652239532,FALSE,FALSE
18025,M,freq_indep,5.247681750579457,FALSE,FALSE
18025,E,freq_indep,4.28260085453587,FALSE,FALSE
18026,M,freq_indep,4.713544014198893,FALSE,FALSE
18026,E,freq_indep,4.932233215163723,FALSE,FALSE
18027,M,freq_indep,4.407344442658172,FALSE,FALSE
18027,E,freq_indep,5.180534330891653,FALSE,FALSE
18028,M,freq_indep,4.897078011234251,FALSE,FALSE
18028,E,freq_indep,5.323162406545151,FALSE,FALSE
18029,M,freq_indep,4.313628824198242,FALSE,FALSE
18029,E,freq_indep,5.258090433039093,FALSE,FALSE
18030,M,freq_indep,4.56101509657714,FALSE,FALSE
18030,E,freq_indep,4.1191823442981015,FALSE,FALSE
18031,M,freq_indep,4.966480204685305,FALSE,FALSE
18031,E,freq_indep,5.254162277137086,FALSE,FALSE
18032,M,freq_indep,4.812329524858047,FALSE,FALSE
18032,E,freq_indep,4.848697169028921,FALSE,FALSE
18033,M,freq_indep,5.254162277137086,FALSE,FALSE
18033,E,freq_indep,4.193290316451823,FALSE,FALSE
18034,M,freq_indep,4.337871545262931,FALSE,FALSE
18034,E,freq_indep,4.694546489201663,FALSE,FALSE
18035,M,freq_indep,4.337871545262931,FALSE,FALSE
18035,E,freq_indep,4.589185973543837,FALSE,FALSE
18036,M,freq_indep,5.174119569463549,FALSE,FALSE
18089,E,freq_indep,4.297285406218791,FALSE,FALSE
18090,M,freq_indep,5.10821562243512,FALSE,FALSE
18090,E,freq_indep,4.916568785057188,FALSE,FALSE
18091,M,freq_indep,4.328782120155069,FALSE,FALSE
18091,E,freq_indep,5.01657002961607,FALSE,FALSE
18092,M,freq_indep,5.170720709443328,FALSE,FALSE
18092,E,freq_indep,4.823961422563437,FALSE,FALSE
18093,M,freq_indep,4.978112102390695,FALSE,FALSE
18093,E,freq_indep,3.845037047314096,FALSE,FALSE
18094,M,freq_indep,4.02735860410805,FALSE,FALSE
18094,E,freq_indep,5.5486436524560485,FALSE,FALSE
18095,M,freq_indep,4.162349291336158,FALSE,FALSE
18095,E,freq_indep,3.9573535026776687,FALSE,FALSE
18096,M,freq_indep,4.21971776714516,FALSE,FALSE
18096,E,freq_indep,5.031254581298992,FALSE,FALSE
18097,M,freq_indep,4.4896572988662475,FALSE,FALSE
18097,E,freq_indep,4.71869726431231,FALSE,FALSE
18098,M,freq_indep,4.536375707518356,FALSE,FALSE
18098,E,freq_indep,4.564348191467836,FALSE,FALSE
18099,M,freq_indep,5.557599964478119,FALSE,FALSE
18099,E,freq_indep,4.892039428182846,FALSE,FALSE
18100,M,freq_indep,4.774256392526462,FALSE,FALSE
18100,E,freq_indep,5.206932804746184,FALSE,FALSE
18101,M,freq_indep,4.736929175500449,FALSE,FALSE
18101,E,freq_indep,4.252949592398739,FALSE,FALSE
18102,M,freq_indep,5.543933773714305,FALSE,FALSE
18102,E,freq_indep,5.483412850224717,FALSE,FALSE
18103,M,freq_indep,5.260269298910506,FALSE,FALSE
18103,E,freq_indep,4.410944724691312,FALSE,FALSE
18104,M,freq_indep,4.949941225423999,FALSE,FALSE
18104,E,freq_indep,3.8771357464277054,FALSE,FALSE
18105,M,freq_indep,4.8215973552685565,FALSE,FALSE
18105,E,freq_indep,4.143775854799453,FALSE,FALSE
18106,M,freq_indep,5.050016250820106,FALSE,FALSE
18106,E,freq_indep,5.180534330891653,FALSE,FALSE
18107,M,freq_indep,4.738701578612614,FALSE,FALSE
18107,E,freq_indep,4.289088639014612,FALSE,FALSE
18108,M,freq_indep,4.763546618609729,FALSE,FALSE
18108,E,freq_indep,4.564943252479147,FALSE,FALSE
18109,M,freq_indep,4.719093932306405,FALSE,FALSE
18109,E,freq_indep,4.589185973543836,FALSE,FALSE
18110,M,freq_indep,4.455654580919314,FALSE,FALSE
18110,E,freq_indep,4.694546489201663,FALSE,FALSE
18111,M,freq_indep,4.694546489201663,FALSE,FALSE
18111,E,freq_indep,3.867867916017195,FALSE,FALSE
18112,M,freq_indep,5.100011597309828,FALSE,FALSE
18112,E,freq_indep,3.7625074003593686,FALSE,TRUE
18113,M,freq_indep,4.694546489201663,FALSE,FALSE
18113,E,freq_indep,4.360344401114989,FALSE,FALSE
18114,M,freq_indep,5.100011597309828,FALSE,FALSE
18114,E,freq_indep,5.505476705417991,FALSE,FALSE
18115,M,freq_indep,4.56101509657714,FALSE,FALSE
18115,E,freq_indep,4.56101509657714,FALSE,FALSE
18169,M,freq_indep,4.730921391293651,FALSE,FALSE
18169,E,freq_indep,4.597389998669129,FALSE,FALSE
18170,M,freq_indep,4.292414475984194,FALSE,FALSE
18170,E,freq_indep,4.580096548435975,FALSE,FALSE
18171,M,freq_indep,4.947577158129119,FALSE,FALSE
18171,E,freq_indep,4.477573528883384,FALSE,FALSE
18172,M,freq_indep,4.795790545596741,FALSE,FALSE
18172,E,freq_indep,5.047104973877647,FALSE,FALSE
18173,M,freq_indep,5.701335037679722,FALSE,FALSE
18173,E,freq_indep,4.384033548046783,FALSE,FALSE
18174,M,freq_indep,4.190520168302855,FALSE,FALSE
18174,E,freq_indep,5.220139585484012,FALSE,FALSE
18175,M,freq_indep,4.460879823962048,FALSE,FALSE
18175,E,freq_indep,5.695624286954738,FALSE,FALSE
18176,M,freq_indep,4.2203243650826625,FALSE,FALSE
18176,E,freq_indep,4.2203243650826625,FALSE,FALSE
18177,M,freq_indep,4.500008063347481,FALSE,FALSE
18177,E,freq_indep,5.347305923734685,FALSE,FALSE
18178,M,freq_indep,4.394449154672439,FALSE,FALSE
18178,E,freq_indep,5.221127727856907,FALSE,FALSE
18179,M,freq_indep,4.42203579893711,FALSE,FALSE
18179,E,freq_indep,5.402865051948837,FALSE,FALSE
18180,M,freq_indep,4.80146769663802,FALSE,FALSE
18180,E,freq_indep,5.31229332040401,FALSE,FALSE
18181,M,freq_indep,4.645992180508347,FALSE,FALSE
18181,E,freq_indep,4.722953221644475,FALSE,FALSE
18182,M,freq_indep,5.195730777772936,FALSE,FALSE
18182,E,freq_indep,4.27944004589878,FALSE,FALSE
18183,M,freq_indep,4.293161689034929,FALSE,FALSE
18183,E,freq_indep,4.698626797143094,FALSE,FALSE
18184,M,freq_indep,5.38121314320398,FALSE,FALSE
18184,E,freq_indep,4.688065962644034,FALSE,FALSE
18185,M,freq_indep,4.826872699505897,FALSE,FALSE
18185,E,freq_indep,4.462229585917988,FALSE,FALSE
18186,M,freq_indep,4.382026634673881,FALSE,FALSE
18186,E,freq_indep,5.768320995793772,FALSE,FALSE
18187,M,freq_indep,4.088417943552462,FALSE,FALSE
18187,E,freq_indep,5.2053793708887675,FALSE,FALSE
18188,M,freq_indep,5.229919556072396,FALSE,FALSE
18188,E,freq_indep,4.11295812873609,TRUE,TRUE
18189,M,freq_indep,4.743336653371095,FALSE,FALSE
18189,E,freq_indep,4.8303480303607245,FALSE,FALSE
18190,M,freq_indep,5.031018725822876,FALSE,FALSE
18190,E,freq_indep,5.031018725822876,FALSE,FALSE
18191,M,freq_indep,4.848697169028922,FALSE,FALSE
18191,E,freq_indep,4.493875793739512,FALSE,FALSE
18192,M,freq_indep,4.232511029605105,FALSE,FALSE
18192,E,freq_indep,4.493875793739512,FALSE,FALSE
18193,M,freq_indep,4.406864416749882,FALSE,FALSE
18193,E,freq_indep,4.561015096577141,FALSE,FALSE
18194,M,freq_indep,4.337871545262931,FALSE,FALSE
18194,E,freq_indep,4.2733330241253595,FALSE,FALSE
18195,M,freq_indep,4.4938757937395115,FALSE,FALSE
18248,E,freq_indep,4.2972854062187915,FALSE,FALSE
18249,M,freq_indep,4.954064942607862,FALSE,FALSE
18249,E,freq_indep,4.174631440327811,FALSE,FALSE
18250,M,freq_indep,5.322033893165353,FALSE,FALSE
18250,E,freq_indep,5.640724338689064,FALSE,FALSE
18251,M,freq_indep,4.072108420775219,FALSE,FALSE
18251,E,freq_indep,4.390325437488577,FALSE,FALSE
18252,M,freq_indep,4.978112102390696,FALSE,FALSE
18252,E,freq_indep,4.384033548046783,FALSE,FALSE
18253,M,freq_indep,4.02735860410805,FALSE,FALSE
18253,E,freq_indep,4.344670848130113,FALSE,FALSE
18254,M,freq_indep,4.162349291336158,FALSE,FALSE
18254,E,freq_indep,3.7677326434021023,FALSE,TRUE
18255,M,freq_indep,4.373868446972418,FALSE,FALSE
18255,E,freq_indep,4.941642422609304,FALSE,FALSE
18256,M,freq_indep,4.153185062245034,FALSE,FALSE
18256,E,freq_indep,5.193155243907427,FALSE,FALSE
18257,M,freq_indep,4.500008063347481,FALSE,FALSE
18257,E,freq_indep,4.527980547296961,FALSE,FALSE
18258,M,freq_indep,3.765840495250065,FALSE,TRUE
18258,E,freq_indep,4.709717871388891,FALSE,FALSE
18259,M,freq_indep,4.709717871388891,FALSE,FALSE
18259,E,freq_indep,4.600797001175868,FALSE,FALSE
18260,M,freq_indep,5.0527821249189255,FALSE,FALSE
18260,E,freq_indep,4.135166556742356,FALSE,FALSE
18261,M,freq_indep,4.491841500681089,FALSE,FALSE
18261,E,freq_indep,5.260269298910507,FALSE,FALSE
18262,M,freq_indep,5.260269298910506,FALSE,FALSE
18262,E,freq_indep,4.795790545596741,FALSE,FALSE
18263,M,freq_indep,5.509557013359422,FALSE,FALSE
18263,E,freq_indep,4.688065962644034,FALSE,FALSE
18264,M,freq_indep,3.750573023119276,TRUE,TRUE
18264,E,freq_indep,4.7499116583697685,FALSE,FALSE
18265,M,freq_indep,4.30807890609073,FALSE,FALSE
18265,E,freq_indep,3.9765615265657175,FALSE,TRUE
18266,M,freq_indep,5.075173815233827,FALSE,FALSE
18266,E,freq_indep,4.876875303916732,FALSE,FALSE
18267,M,freq_indep,4.311561494866671,FALSE,FALSE
18267,E,freq_indep,5.34770259172878,FALSE,FALSE
18268,M,freq_indep,5.6353846641805605,FALSE,FALSE
18268,E,freq_indep,4.56101509657714,FALSE,FALSE
18269,M,freq_indep,5.505476705417991,FALSE,FALSE
18269,E,freq_indep,4.694546489201663,FALSE,FALSE
18270,M,freq_indep,4.242561365458606,FALSE,FALSE
18270,E,freq_indep,4.56101509657714,FALSE,FALSE
18271,M,freq_indep,5.254162277137086,FALSE,FALSE
18271,E,freq_indep,4.8303480303607245,FALSE,FALSE
18272,M,freq_indep,4.193290316451823,FALSE,FALSE
18272,E,freq_indep,4.812329524858047,FALSE,FALSE
18273,M,freq_indep,5.031018725822876,FALSE,FALSE
18273,E,freq_indep,5.100011597309828,FALSE,FALSE
18274,M,freq_indep,3.8960387929838913,FALSE,FALSE
18274,E,freq_indep,4.8864374970117685,FALSE,FALSE
18328,M,freq_indep,3.4034675301966946,TRUE,TRUE
18328,E,freq_indep,3.8918202981106265,FALSE,FALSE
18329,M,freq_indep,5.139712336371398,FALSE,FALSE
18329,E,freq_indep,4.1588830833596715,FALSE,FALSE
18330,M,freq_indep,6.046189446797229,FALSE,FALSE
18330,E,freq_indep,4.254429977569173,FALSE,FALSE
18331,M,freq_indep,4.823961422563437,FALSE,FALSE
18331,E,freq_indep,4.467286478624705,FALSE,FALSE
18332,M,freq_indep,4.538184227874041,FALSE,FALSE
18332,E,freq_indep,5.231331408433986,FALSE,FALSE
18333,M,freq_indep,4.8836673488628,FALSE,FALSE
18333,E,freq_indep,6.136430317358167,FALSE,FALSE
18334,M,freq_indep,4.7305433909111505,FALSE,FALSE
18334,E,freq_indep,5.695624286954738,FALSE,FALSE
18335,M,freq_indep,4.941642422609305,FALSE,FALSE
18335,E,freq_indep,3.6294560336431356,TRUE,TRUE
18336,M,freq_indep,4.248693635066576,FALSE,FALSE
18336,E,freq_indep,4.335705012056206,FALSE,FALSE
18337,M,freq_indep,4.276666119016055,FALSE,FALSE
18337,E,freq_indep,5.508809800308688,FALSE,FALSE
18338,M,freq_indep,5.115182979497056,FALSE,FALSE
18338,E,freq_indep,4.3324236402474225,FALSE,FALSE
18339,M,freq_indep,4.80146769663802,FALSE,FALSE
18339,E,freq_indep,5.563607748684916,FALSE,FALSE
18340,M,freq_indep,5.079628165583207,FALSE,FALSE
18340,E,freq_indep,3.729701448634191,FALSE,TRUE
18341,M,freq_indep,5.077947742116552,FALSE,FALSE
18341,E,freq_indep,4.471811938546236,FALSE,FALSE
18342,M,freq_indep,4.544476117315835,FALSE,FALSE
18342,E,freq_indep,3.4301154716795863,TRUE,TRUE
18343,M,freq_indep,4.464922411329824,FALSE,FALSE
18343,E,freq_indep,5.717685379825193,FALSE,FALSE
18344,M,freq_indep,4.356869070260161,FALSE,FALSE
18344,E,freq_indep,5.406691194758839,FALSE,FALSE
18345,M,freq_indep,4.872232971237136,FALSE,FALSE
18345,E,freq_indep,5.545177444479562,FALSE,FALSE
18346,M,freq_indep,4.917697298436987,FALSE,FALSE
18346,E,freq_indep,4.83765459076345,FALSE,FALSE
18347,M,freq_indep,4.169047595387133,FALSE,FALSE
18347,E,freq_indep,4.824454447964231,FALSE,FALSE
18348,M,freq_indep,3.8960387929838918,FALSE,FALSE
18348,E,freq_indep,4.92565821016505,FALSE,FALSE
18349,M,freq_indep,4.326821709076346,FALSE,FALSE
18349,E,freq_indep,5.031018725822876,FALSE,FALSE
18350,M,freq_indep,4.56101509657714,FALSE,FALSE
18350,E,freq_indep,4.2733330241253595,FALSE,FALSE
18351,M,freq_indep,5.14880176147926,FALSE,FALSE
18351,E,freq_indep,4.058557722481666,FALSE,FALSE
18352,M,freq_indep,5.148801761479259,FALSE,FALSE
18352,E,freq_indep,5.254162277137086,FALSE,FALSE
18353,M,freq_indep,4.337871545262931,FALSE,FALSE
18353,E,freq_indep,4.56101509657714,FALSE,FALSE
18354,M,freq_indep,4.360344401114989,FALSE,FALSE
18407,E,freq_indep,4.278936267550595,FALSE,FALSE
18408,M,freq_indep,5.5136807305432844,FALSE,FALSE
18408,E,freq_indep,5.139712336371398,FALSE,FALSE
18409,M,freq_indep,4.98556165654414,FALSE,FALSE
18409,E,freq_indep,4.611104921507906,FALSE,FALSE
18410,M,freq_indep,4.477573528883383,FALSE,FALSE
18410,E,freq_indep,3.794342005382279,FALSE,FALSE
18411,M,freq_indep,4.572646994282532,FALSE,FALSE
18411,E,freq_indep,4.538184227874042,FALSE,FALSE
18412,M,freq_indep,4.160889996732573,FALSE,FALSE
18412,E,freq_indep,5.037818028690058,FALSE,FALSE
18413,M,freq_indep,4.249360668325788,FALSE,FALSE
18413,E,freq_indep,4.779333555080583,FALSE,FALSE
18414,M,freq_indep,4.576392711083892,FALSE,FALSE
18414,E,freq_indep,4.941642422609305,FALSE,FALSE
18415,M,freq_indep,5.278114659230517,FALSE,FALSE
18415,E,freq_indep,4.94184081562652,FALSE,FALSE
18416,M,freq_indep,3.737868011300584,FALSE,TRUE
18416,E,freq_indep,4.864452783918175,FALSE,FALSE
18417,M,freq_indep,4.075995423553905,FALSE,FALSE
18417,E,freq_indep,5.179721500634627,FALSE,FALSE
18418,M,freq_indep,4.391264140270357,FALSE,FALSE
18418,E,freq_indep,5.206932804746184,FALSE,FALSE
18419,M,freq_indep,4.736929175500449,FALSE,FALSE
18419,E,freq_indep,4.491841500681089,FALSE,FALSE
18420,M,freq_indep,4.743155928961994,FALSE,FALSE
18420,E,freq_indep,4.923797062289294,FALSE,FALSE
18421,M,freq_indep,4.502583597212991,FALSE,FALSE
18421,E,freq_indep,4.305584209033486,FALSE,FALSE
18422,M,freq_indep,4.662259152972219,FALSE,FALSE
18422,E,freq_indep,4.724433606814909,FALSE,FALSE
18423,M,freq_indep,5.312220271717028,FALSE,FALSE
18423,E,freq_indep,4.421407591397732,FALSE,FALSE
18424,M,freq_indep,4.056764477809823,FALSE,FALSE
18424,E,freq_indep,4.515558027298404,FALSE,FALSE
18425,M,freq_indep,5.075173815233827,FALSE,FALSE
18425,E,freq_indep,4.917697298436987,FALSE,FALSE
18426,M,freq_indep,4.394449154672439,FALSE,FALSE
18426,E,freq_indep,4.670303768136973,FALSE,FALSE
18427,M,freq_indep,4.208268308540415,FALSE,FALSE
18427,E,freq_indep,5.254162277137086,FALSE,FALSE
18428,M,freq_indep,3.8748365853332882,FALSE,TRUE
18428,E,freq_indep,4.137200849800779,FALSE,FALSE
18429,M,freq_indep,5.5418443495888665,FALSE,FALSE
18429,E,freq_indep,4.56101509657714,FALSE,FALSE
18430,M,freq_indep,5.254162277137086,FALSE,FALSE
18430,E,freq_indep,5.6188053907249955,FALSE,FALSE
18431,M,freq_indep,3.954879293006825,FALSE,TRUE
18431,E,freq_indep,4.4938757937395115,FALSE,FALSE
18432,M,freq_indep,5.100011597309828,FALSE,FALSE
18432,E,freq_indep,4.406864416749882,FALSE,FALSE
18433,M,freq_indep,4.743336653371095,FALSE,FALSE
18433,E,freq_indep,4.966480204685305,FALSE,FALSE
18487,M,freq_indep,5.10821562243512,FALSE,FALSE
18487,E,freq_indep,5.801362802995065,FALSE,FALSE
18488,M,freq_indep,4.041100047703289,FALSE,FALSE
18488,E,freq_indep,5.098890341851143,FALSE,FALSE
18489,M,freq_indep,5.353042266237283,FALSE,FALSE
18489,E,freq_indep,4.765255601335164,FALSE,FALSE
18490,M,freq_indep,4.641639865769482,FALSE,FALSE
18490,E,freq_indep,4.978112102390696,FALSE,FALSE
18491,M,freq_indep,3.909575568451667,FALSE,FALSE
18491,E,freq_indep,4.6717156204985635,FALSE,FALSE
18492,M,freq_indep,4.8836673488628,FALSE,FALSE
18492,E,freq_indep,4.701345792068845,FALSE,FALSE
18493,M,freq_indep,5.760162808092309,FALSE,FALSE
18493,E,freq_indep,4.779333555080583,FALSE,FALSE
18494,M,freq_indep,4.248495242049359,FALSE,FALSE
18494,E,freq_indep,4.75932086581535,FALSE,FALSE
18495,M,freq_indep,5.193155243907427,FALSE,FALSE
18495,E,freq_indep,5.347305923734685,FALSE,FALSE
18496,M,freq_indep,4.3636774960056846,FALSE,FALSE
18496,E,freq_indep,4.304836995982752,FALSE,FALSE
18497,M,freq_indep,5.115182979497056,FALSE,FALSE
18497,E,freq_indep,5.402865051948837,FALSE,FALSE
18498,M,freq_indep,3.92599895928412,FALSE,FALSE
18498,E,freq_indep,4.264324764554655,FALSE,FALSE
18499,M,freq_indep,5.079628165583207,FALSE,FALSE
18499,E,freq_indep,4.6096245363374715,FALSE,FALSE
18500,M,freq_indep,4.50258359721299,FALSE,FALSE
18500,E,freq_indep,4.636114989837513,FALSE,FALSE
18501,M,freq_indep,4.880948353937048,FALSE,FALSE
18501,E,freq_indep,4.662259152972219,FALSE,FALSE
18502,M,freq_indep,4.619073091157083,FALSE,FALSE
18502,E,freq_indep,4.436751534363128,FALSE,FALSE
18503,M,freq_indep,5.560841874586097,FALSE,FALSE
18503,E,freq_indep,5.183547643444629,FALSE,FALSE
18504,M,freq_indep,4.775069222783489,FALSE,FALSE
18504,E,freq_indep,4.669708707125662,FALSE,FALSE
18505,M,freq_indep,4.599243567318452,FALSE,FALSE
18505,E,freq_indep,4.763546618609729,FALSE,FALSE
18506,M,freq_indep,4.313628824198241,FALSE,FALSE
18506,E,freq_indep,4.469633072674822,FALSE,FALSE
18507,M,freq_indep,6.065092493353415,FALSE,FALSE
18507,E,freq_indep,4.455654580919314,FALSE,FALSE
18508,M,freq_indep,4.2733330241253595,FALSE,FALSE
18508,E,freq_indep,4.966480204685305,FALSE,FALSE
18509,M,freq_indep,4.232511029605105,FALSE,FALSE
18509,E,freq_indep,4.455654580919314,FALSE,FALSE
18510,M,freq_indep,4.694546489201663,FALSE,FALSE
18510,E,freq_indep,4.848697169028921,FALSE,FALSE
18511,M,freq_indep,4.337871545262931,FALSE,FALSE
18511,E,freq_indep,4.360344401114989,FALSE,FALSE
18512,M,freq_indep,5.14880176147926,FALSE,FALSE
18512,E,freq_indep,4.743336653371095,FALSE,FALSE
18513,M,freq_indep,5.282333154103783,FALSE,FALSE
18566,E,freq_indep,4.143134726391533,FALSE,FALSE
18567,M,freq_indep,4.260917762047916,FALSE,FALSE
18567,E,freq_indep,4.041100047703289,FALSE,FALSE
18568,M,freq_indep,4.916568785057188,FALSE,FALSE
18568,E,freq_indep,5.304252102067852,FALSE,FALSE
18569,M,freq_indep,4.611104921507906,FALSE,FALSE
18569,E,freq_indep,5.38357721049886,FALSE,FALSE
18570,M,freq_indep,4.390325437488577,FALSE,FALSE
18570,E,freq_indep,5.15128870076045,FALSE,FALSE
18571,M,freq_indep,4.25050215542226,FALSE,FALSE
18571,E,freq_indep,4.2801323269925415,FALSE,FALSE
18572,M,freq_indep,5.666426688112432,FALSE,FALSE
18572,E,freq_indep,4.479228962630245,FALSE,FALSE
18573,M,freq_indep,5.172376143190189,FALSE,FALSE
18573,E,freq_indep,5.095793102436563,FALSE,FALSE
18574,M,freq_indep,4.808111029984782,FALSE,FALSE
18574,E,freq_indep,4.276864512033272,FALSE,FALSE
18575,M,freq_indep,5.81730955298042,FALSE,FALSE
18575,E,freq_indep,4.410197511640578,FALSE,FALSE
18576,M,freq_indep,4.5459990527996395,FALSE,FALSE
18576,E,freq_indep,6.096012232508782,FALSE,FALSE
18577,M,freq_indep,4.709717871388891,FALSE,FALSE
18577,E,freq_indep,4.331464067392284,FALSE,FALSE
18578,M,freq_indep,4.619146139844065,FALSE,FALSE
18578,E,freq_indep,4.240527072400182,FALSE,FALSE
18579,M,freq_indep,5.051457288616511,FALSE,FALSE
18579,E,freq_indep,4.923797062289293,FALSE,FALSE
18580,M,freq_indep,4.769646382462035,FALSE,FALSE
18580,E,freq_indep,4.439115601658009,FALSE,FALSE
18581,M,freq_indep,5.691878570153377,FALSE,FALSE
18581,E,freq_indep,3.917627107782442,FALSE,FALSE
18582,M,freq_indep,4.688065962644034,FALSE,FALSE
18582,E,freq_indep,4.356869070260161,FALSE,FALSE
18583,M,freq_indep,4.462229585917988,FALSE,FALSE
18583,E,freq_indep,4.382026634673881,FALSE,FALSE
18584,M,freq_indep,4.852030263919617,FALSE,FALSE
18584,E,freq_indep,4.799914262780603,FALSE,FALSE
18585,M,freq_indep,4.645763582953345,FALSE,FALSE
18585,E,freq_indep,5.4812339843533024,FALSE,FALSE
18586,M,freq_indep,4.5649432524791465,FALSE,FALSE
18586,E,freq_indep,4.137200849800779,FALSE,FALSE
18587,M,freq_indep,5.6596273852452494,FALSE,FALSE
18587,E,freq_indep,4.05018947281115,FALSE,FALSE
18588,M,freq_indep,5.100011597309828,FALSE,FALSE
18588,E,freq_indep,4.2733330241253595,FALSE,FALSE
18589,M,freq_indep,4.848697169028921,FALSE,FALSE
18589,E,freq_indep,5.65962738524525,FALSE,FALSE
18590,M,freq_indep,4.360344401114989,FALSE,FALSE
18590,E,freq_indep,5.618805390724995,FALSE,FALSE
18591,M,freq_indep,4.589185973543836,FALSE,FALSE
18591,E,freq_indep,6.065092493353415,FALSE,FALSE
18592,M,freq_indep,4.4938757937395115,FALSE,FALSE
18592,E,freq_indep,4.848697169028921,FALSE,FALSE
18646,M,freq_indep,4.143134726391533,FALSE,FALSE
18646,E,freq_indep,4.730921391293651,FALSE,FALSE
18647,M,freq_indep,4.628886712605407,FALSE,FALSE
18647,E,freq_indep,5.322033893165353,FALSE,FALSE
18648,M,freq_indep,4.7934264783018605,FALSE,FALSE
18648,E,freq_indep,4.477573528883383,FALSE,FALSE
18649,M,freq_indep,4.690430029938915,FALSE,FALSE
18649,E,freq_indep,5.488937726156687,FALSE,FALSE
18650,M,freq_indep,4.2662505123904,FALSE,FALSE
18650,E,freq_indep,5.413652965227941,FALSE,FALSE
18651,M,freq_indep,5.037818028690058,FALSE,FALSE
18651,E,freq_indep,4.344670848130113,FALSE,FALSE
18652,M,freq_indep,4.325078282802986,FALSE,FALSE
18652,E,freq_indep,5.0670156275323635,FALSE,FALSE
18653,M,freq_indep,4.402645921876617,FALSE,FALSE
18653,E,freq_indep,5.095793102436563,FALSE,FALSE
18654,M,freq_indep,4.4310151918605305,FALSE,FALSE
18654,E,freq_indep,4.71869726431231,FALSE,FALSE
18655,M,freq_indep,4.969813299576001,FALSE,FALSE
18655,E,freq_indep,5.2574953720277815,FALSE,FALSE
18656,M,freq_indep,4.555567191561633,FALSE,FALSE
18656,E,freq_indep,4.591934835732508,FALSE,FALSE
18657,M,freq_indep,4.449247103048668,FALSE,FALSE
18657,E,freq_indep,4.513785624186239,FALSE,FALSE
18658,M,freq_indep,4.946096772958684,FALSE,FALSE
18658,E,freq_indep,4.291170805218937,FALSE,FALSE
18659,M,freq_indep,4.317661258718978,FALSE,FALSE
18659,E,freq_indep,4.230649881729349,FALSE,FALSE
18660,M,freq_indep,4.795790545596741,FALSE,FALSE
18660,E,freq_indep,4.73636712512594,FALSE,FALSE
18661,M,freq_indep,4.842216642471293,FALSE,FALSE
18661,E,freq_indep,4.619073091157083,FALSE,FALSE
18662,M,freq_indep,4.867694694026152,FALSE,FALSE
18662,E,freq_indep,4.395090283080359,FALSE,FALSE
18663,M,freq_indep,4.605170185988091,FALSE,FALSE
18663,E,freq_indep,4.892852258439872,FALSE,FALSE
18664,M,freq_indep,4.799914262780603,FALSE,FALSE
18664,E,freq_indep,4.358081510501564,FALSE,FALSE
18665,M,freq_indep,4.670303768136973,FALSE,FALSE
18665,E,freq_indep,4.788086803793357,FALSE,FALSE
18666,M,freq_indep,4.589185973543837,FALSE,FALSE
18666,E,freq_indep,4.694546489201663,FALSE,FALSE
18667,M,freq_indep,4.8303480303607245,FALSE,FALSE
18667,E,freq_indep,4.455654580919314,FALSE,FALSE
18668,M,freq_indep,4.92565821016505,FALSE,FALSE
18668,E,freq_indep,5.031018725822876,FALSE,FALSE
18669,M,freq_indep,5.436483833931041,FALSE,FALSE
18669,E,freq_indep,4.242561365458606,FALSE,FALSE
18670,M,freq_indep,4.848697169028921,FALSE,FALSE
18670,E,freq_indep,5.254162277137086,FALSE,FALSE
18671,M,freq_indep,3.954879293006825,FALSE,TRUE
18671,E,freq_indep,4.480972388903604,FALSE,FALSE
18672,M,freq_indep,4.694546489201663,FALSE,FALSE
18725,E,freq_indep,4.260917762047916,FALSE,FALSE
18726,M,freq_indep,5.10821562243512,FALSE,FALSE
18726,E,freq_indep,4.1588830833596715,FALSE,FALSE
18727,M,freq_indep,4.76241810522993,FALSE,FALSE
18727,E,freq_indep,5.458402781895109,FALSE,FALSE
18728,M,freq_indep,4.477573528883383,FALSE,FALSE
18728,E,freq_indep,4.795790545596741,FALSE,FALSE
18729,M,freq_indep,5.38357721049886,FALSE,FALSE
18729,E,freq_indep,4.538184227874042,FALSE,FALSE
18730,M,freq_indep,4.497362233353786,FALSE,FALSE
18730,E,freq_indep,4.082306583662621,FALSE,FALSE
18731,M,freq_indep,5.443283136798223,FALSE,FALSE
18731,E,freq_indep,4.037396210351205,FALSE,FALSE
18732,M,freq_indep,4.479228962630244,FALSE,FALSE
18732,E,freq_indep,5.5012582105447265,FALSE,FALSE
18733,M,freq_indep,3.9861309775818676,FALSE,FALSE
18733,E,freq_indep,4.941840815626521,FALSE,FALSE
18734,M,freq_indep,5.02885219261615,FALSE,FALSE
18734,E,freq_indep,5.55759996447812,FALSE,FALSE
18735,M,freq_indep,4.769142604113849,FALSE,FALSE
18735,E,freq_indep,4.081109211966518,FALSE,FALSE
18736,M,freq_indep,3.4569549028935236,TRUE,TRUE
18736,E,freq_indep,5.11162262494186,FALSE,FALSE
18737,M,freq_indep,5.206932804746184,FALSE,FALSE
18737,E,freq_indep,5.169240324272894,FALSE,FALSE
18738,M,freq_indep,5.079628165583207,FALSE,FALSE
18738,E,freq_indep,5.665734407018671,FALSE,FALSE
18739,M,freq_indep,5.077947742116552,FALSE,FALSE
18739,E,freq_indep,4.439115601658009,FALSE,FALSE
18740,M,freq_indep,4.528727760347696,FALSE,FALSE
18740,E,freq_indep,4.1082474673910925,FALSE,FALSE
18741,M,freq_indep,4.8215973552685565,FALSE,FALSE
18741,E,freq_indep,5.183547643444629,FALSE,FALSE
18742,M,freq_indep,4.59576097854251,FALSE,FALSE
18742,E,freq_indep,5.075173815233827,FALSE,FALSE
18743,M,freq_indep,4.872232971237136,FALSE,FALSE
18743,E,freq_indep,4.982235819574558,FALSE,FALSE
18744,M,freq_indep,4.406871674670996,FALSE,FALSE
18744,E,freq_indep,4.11295812873609,FALSE,FALSE
18745,M,freq_indep,5.12455904041457,FALSE,FALSE
18745,E,freq_indep,4.242561365458606,FALSE,FALSE
18746,M,freq_indep,4.455654580919314,FALSE,FALSE
18746,E,freq_indep,4.694546489201663,FALSE,FALSE
18747,M,freq_indep,5.436483833931041,FALSE,FALSE
18747,E,freq_indep,5.100011597309828,FALSE,FALSE
18748,M,freq_indep,4.589185973543837,FALSE,FALSE
18748,E,freq_indep,4.360344401114989,FALSE,FALSE
18749,M,freq_indep,5.793158777869773,FALSE,FALSE
18749,E,freq_indep,4.56101509657714,FALSE,FALSE
18750,M,freq_indep,5.14880176147926,FALSE,FALSE
18750,E,freq_indep,4.966480204685305,FALSE,FALSE
18751,M,freq_indep,3.580185843565414,TRUE,TRUE
18751,E,freq_indep,4.05018947281115,FALSE,FALSE
18805,M,freq_indep,4.597389998669129,FALSE,FALSE
18805,E,freq_indep,5.10821562243512,FALSE,FALSE
18806,M,freq_indep,4.328782120155069,FALSE,FALSE
18806,E,freq_indep,4.98556165654414,FALSE,FALSE
18807,M,freq_indep,5.45840278189511,FALSE,FALSE
18807,E,freq_indep,5.353042266237283,FALSE,FALSE
18808,M,freq_indep,4.823961422563437,FALSE,FALSE
18808,E,freq_indep,4.467286478624705,FALSE,FALSE
18809,M,freq_indep,4.497362233353786,FALSE,FALSE
18809,E,freq_indep,4.720505784667996,FALSE,FALSE
18810,M,freq_indep,4.701345792068845,FALSE,FALSE
18810,E,freq_indep,4.413663719617064,FALSE,FALSE
18811,M,freq_indep,5.290159178846573,FALSE,FALSE
18811,E,freq_indep,4.971705447728039,FALSE,FALSE
18812,M,freq_indep,4.75932086581535,FALSE,FALSE
18812,E,freq_indep,4.4896572988662475,FALSE,FALSE
18813,M,freq_indep,4.941840815626521,FALSE,FALSE
18813,E,freq_indep,5.124162372420475,FALSE,FALSE
18814,M,freq_indep,4.304836995982752,FALSE,FALSE
18814,E,freq_indep,4.864452783918174,FALSE,FALSE
18815,M,freq_indep,5.536396444573359,FALSE,FALSE
18815,E,freq_indep,4.774256392526462,FALSE,FALSE
18816,M,freq_indep,4.449247103048668,FALSE,FALSE
18816,E,freq_indep,4.58277849567319,FALSE,FALSE
18817,M,freq_indep,4.645992180508347,FALSE,FALSE
18817,E,freq_indep,4.897306608789252,FALSE,FALSE
18818,M,freq_indep,4.184129866094455,FALSE,FALSE
18818,E,freq_indep,4.567122118350562,FALSE,FALSE
18819,M,freq_indep,3.9001191009253215,TRUE,TRUE
18819,E,freq_indep,4.123262652239532,FALSE,FALSE
18820,M,freq_indep,5.024538199265248,FALSE,FALSE
18820,E,freq_indep,5.15806959188977,FALSE,FALSE
18821,M,freq_indep,4.143775854799453,FALSE,FALSE
18821,E,freq_indep,5.560841874586097,FALSE,FALSE
18822,M,freq_indep,5.991464547107982,FALSE,FALSE
18822,E,freq_indep,4.420247847494079,FALSE,FALSE
18823,M,freq_indep,4.645763582953345,FALSE,FALSE
18823,E,freq_indep,4.917697298436987,FALSE,FALSE
18824,M,freq_indep,4.788086803793357,FALSE,FALSE
18824,E,freq_indep,3.763582487278969,TRUE,TRUE
18825,M,freq_indep,3.970146765137613,FALSE,FALSE
18825,E,freq_indep,4.812329524858047,FALSE,FALSE
18826,M,freq_indep,4.694546489201663,FALSE,FALSE
18826,E,freq_indep,4.56101509657714,FALSE,FALSE
18827,M,freq_indep,4.812329524858047,FALSE,FALSE
18827,E,freq_indep,4.193290316451823,FALSE,FALSE
18828,M,freq_indep,4.589185973543836,FALSE,FALSE
18828,E,freq_indep,4.56101509657714,FALSE,FALSE
18829,M,freq_indep,5.031018725822876,FALSE,FALSE
18829,E,freq_indep,5.100011597309828,FALSE,FALSE
18830,M,freq_indep,4.56101509657714,FALSE,FALSE
18830,E,freq_indep,4.193290316451823,FALSE,FALSE
18831,M,freq_indep,3.9701467651376134,FALSE,FALSE
18884,E,freq_indep,4.954064942607861,FALSE,FALSE
18885,M,freq_indep,4.4796069630127455,FALSE,FALSE
18885,E,freq_indep,4.916568785057188,FALSE,FALSE
18886,M,freq_indep,4.2234216044972435,FALSE,FALSE
18886,E,freq_indep,5.640724338689064,FALSE,FALSE
18887,M,freq_indep,5.863867890003274,FALSE,FALSE
18887,E,freq_indep,4.978112102390695,FALSE,FALSE
18888,M,freq_indep,4.978112102390695,FALSE,FALSE
18888,E,freq_indep,4.384033548046783,FALSE,FALSE
18889,M,freq_indep,4.6717156204985635,FALSE,FALSE
18889,E,freq_indep,4.8836673488628,FALSE,FALSE
18890,M,freq_indep,5.220139585484012,FALSE,FALSE
18890,E,freq_indep,5.577841251298354,FALSE,FALSE
18891,M,freq_indep,4.7305433909111505,FALSE,FALSE
18891,E,freq_indep,3.901870633964128,TRUE,TRUE
18892,M,freq_indep,4.75932086581535,FALSE,FALSE
18892,E,freq_indep,5.193155243907427,FALSE,FALSE
18893,M,freq_indep,4.0945429552393175,FALSE,FALSE
18893,E,freq_indep,4.864452783918175,FALSE,FALSE
18894,M,freq_indep,5.0875963352323845,FALSE,FALSE
18894,E,freq_indep,6.096012232508782,FALSE,FALSE
18895,M,freq_indep,4.997399943840672,FALSE,FALSE
18895,E,freq_indep,5.612397912854348,FALSE,FALSE
18896,M,freq_indep,4.8704605681249715,FALSE,FALSE
18896,E,freq_indep,5.456922396724676,FALSE,FALSE
18897,M,freq_indep,4.291170805218937,FALSE,FALSE
18897,E,freq_indep,4.471811938546236,FALSE,FALSE
18898,M,freq_indep,5.077947742116552,FALSE,FALSE
18898,E,freq_indep,4.880948353937049,FALSE,FALSE
18899,M,freq_indep,4.662259152972219,FALSE,FALSE
18899,E,freq_indep,5.247681750579457,FALSE,FALSE
18900,M,freq_indep,4.436751534363128,FALSE,FALSE
18900,E,freq_indep,4.713544014198894,FALSE,FALSE
18901,M,freq_indep,4.228036198417193,FALSE,FALSE
18901,E,freq_indep,4.487387150331708,FALSE,FALSE
18902,M,freq_indep,4.179085790677191,FALSE,FALSE
18902,E,freq_indep,5.051228691061509,FALSE,FALSE
18903,M,freq_indep,4.630015225985206,FALSE,FALSE
18903,E,freq_indep,4.670303768136973,FALSE,FALSE
18904,M,freq_indep,4.313628824198241,FALSE,FALSE
18904,E,freq_indep,4.05018947281115,FALSE,FALSE
18905,M,freq_indep,4.94586091748257,FALSE,FALSE
18905,E,freq_indep,4.455654580919314,FALSE,FALSE
18906,M,freq_indep,4.56101509657714,FALSE,FALSE
18906,E,freq_indep,5.65962738524525,FALSE,FALSE
18907,M,freq_indep,3.8960387929838913,FALSE,FALSE
18907,E,freq_indep,4.326821709076346,FALSE,FALSE
18908,M,freq_indep,4.966480204685305,FALSE,FALSE
18908,E,freq_indep,4.360344401114989,FALSE,FALSE
18909,M,freq_indep,4.337871545262931,FALSE,FALSE
18909,E,freq_indep,5.14880176147926,FALSE,FALSE
18910,M,freq_indep,4.678798132233524,FALSE,FALSE
18910,E,freq_indep,4.001399308641718,FALSE,FALSE
18964,M,freq_indep,5.067393627914865,FALSE,FALSE
18964,E,freq_indep,4.4796069630127455,FALSE,FALSE
18965,M,freq_indep,4.1588830833596715,FALSE,FALSE
18965,E,freq_indep,4.511103676949024,FALSE,FALSE
18966,M,freq_indep,4.205639813399741,FALSE,FALSE
18966,E,freq_indep,4.477573528883383,FALSE,FALSE
18967,M,freq_indep,5.16043365918465,FALSE,FALSE
18967,E,freq_indep,4.978112102390695,FALSE,FALSE
18968,M,freq_indep,4.497362233353786,FALSE,FALSE
18968,E,freq_indep,5.231331408433986,FALSE,FALSE
18969,M,freq_indep,5.037818028690058,FALSE,FALSE
18969,E,freq_indep,4.567814399444322,FALSE,FALSE
18970,M,freq_indep,4.219717767145159,FALSE,FALSE
18970,E,freq_indep,4.912864947705105,FALSE,FALSE
18971,M,freq_indep,5.095793102436563,FALSE,FALSE
18971,E,freq_indep,5.095793102436562,FALSE,FALSE
18972,M,freq_indep,5.347305923734685,FALSE,FALSE
18972,E,freq_indep,4.787690135799262,FALSE,FALSE
18973,M,freq_indep,5.2574953720277815,FALSE,FALSE
18973,E,freq_indep,4.68213122712422,FALSE,FALSE
18974,M,freq_indep,4.4865743200746815,FALSE,FALSE
18974,E,freq_indep,5.115182979497056,FALSE,FALSE
18975,M,freq_indep,5.2069328047461845,FALSE,FALSE
18975,E,freq_indep,4.8704605681249715,FALSE,FALSE
18976,M,freq_indep,4.897306608789252,FALSE,FALSE
18976,E,freq_indep,4.445321485046196,FALSE,FALSE
18977,M,freq_indep,4.923797062289294,FALSE,FALSE
18977,E,freq_indep,4.769646382462035,FALSE,FALSE
18978,M,freq_indep,4.528727760347696,FALSE,FALSE
18978,E,freq_indep,4.662259152972219,FALSE,FALSE
18979,M,freq_indep,4.619073091157083,FALSE,FALSE
18979,E,freq_indep,4.318968498706744,FALSE,FALSE
18980,M,freq_indep,4.847075406823416,FALSE,FALSE
18980,E,freq_indep,4.462229585917988,FALSE,FALSE
18981,M,freq_indep,5.2675457078812835,FALSE,FALSE
18981,E,freq_indep,4.620918542956231,FALSE,FALSE
18982,M,freq_indep,4.3115614948666705,FALSE,FALSE
18982,E,freq_indep,5.610844478996932,FALSE,FALSE
18983,M,freq_indep,5.34770259172878,FALSE,FALSE
18983,E,freq_indep,5.12455904041457,FALSE,FALSE
18984,M,freq_indep,4.4938757937395115,FALSE,FALSE
18984,E,freq_indep,4.480972388903604,FALSE,FALSE
18985,M,freq_indep,4.8303480303607245,FALSE,FALSE
18985,E,freq_indep,4.155549988468977,FALSE,FALSE
18986,M,freq_indep,4.589185973543837,FALSE,FALSE
18986,E,freq_indep,4.56101509657714,FALSE,FALSE
18987,M,freq_indep,4.443232060920757,FALSE,FALSE
18987,E,freq_indep,5.14880176147926,FALSE,FALSE
18988,M,freq_indep,4.05018947281115,FALSE,FALSE
18988,E,freq_indep,4.743336653371095,FALSE,FALSE
18989,M,freq_indep,4.966480204685305,FALSE,FALSE
18989,E,freq_indep,5.65962738524525,FALSE,FALSE
18990,M,freq_indep,5.282333154103783,FALSE,FALSE
19043,E,freq_indep,4.260917762047916,FALSE,FALSE
19044,M,freq_indep,4.548599834499697,FALSE,FALSE
19044,E,freq_indep,5.832859516931343,FALSE,FALSE
19045,M,freq_indep,4.580096548435975,FALSE,FALSE
19045,E,freq_indep,4.072108420775219,FALSE,FALSE
19046,M,freq_indep,4.611104921507906,FALSE,FALSE
19046,E,freq_indep,4.59511985013459,FALSE,FALSE
19047,M,freq_indep,6.299867942373015,FALSE,FALSE
19047,E,freq_indep,4.720505784667996,FALSE,FALSE
19048,M,freq_indep,4.266250512390399,FALSE,FALSE
19048,E,freq_indep,4.750135956238277,FALSE,FALSE
19049,M,freq_indep,4.750135956238277,FALSE,FALSE
19049,E,freq_indep,5.2493371843263175,FALSE,FALSE
19050,M,freq_indep,4.373868446972418,FALSE,FALSE
19050,E,freq_indep,4.913471545642608,FALSE,FALSE
19051,M,freq_indep,5.452468046375294,FALSE,FALSE
19051,E,freq_indep,4.130910599410192,FALSE,FALSE
19052,M,freq_indep,4.248693635066576,FALSE,FALSE
19052,E,freq_indep,4.641309232603964,FALSE,FALSE
19053,M,freq_indep,4.969813299576001,FALSE,FALSE
19053,E,freq_indep,4.709717871388891,FALSE,FALSE
19054,M,freq_indep,4.186469727624343,FALSE,FALSE
19054,E,freq_indep,4.464995460016807,FALSE,FALSE
19055,M,freq_indep,4.58277849567319,FALSE,FALSE
19055,E,freq_indep,5.169240324272894,FALSE,FALSE
19056,M,freq_indep,4.897306608789252,FALSE,FALSE
19056,E,freq_indep,4.056296494584571,FALSE,FALSE
19057,M,freq_indep,4.412971438523303,FALSE,FALSE
19057,E,freq_indep,4.343805421853684,FALSE,FALSE
19058,M,freq_indep,4.9987313895934316,FALSE,FALSE
19058,E,freq_indep,4.570282926987651,FALSE,FALSE
19059,M,freq_indep,4.842216642471293,FALSE,FALSE
19059,E,freq_indep,4.344446550261604,FALSE,FALSE
19060,M,freq_indep,5.337698323271888,FALSE,FALSE
19060,E,freq_indep,5.075173815233827,FALSE,FALSE
19061,M,freq_indep,4.515558027298404,FALSE,FALSE
19061,E,freq_indep,5.100018855230942,FALSE,FALSE
19062,M,freq_indep,5.004708675426617,FALSE,FALSE
19062,E,freq_indep,4.5367723755124505,FALSE,FALSE
19063,M,freq_indep,4.3826216956851924,FALSE,FALSE
19063,E,freq_indep,4.743336653371095,FALSE,FALSE
19064,M,freq_indep,3.8748365853332882,FALSE,TRUE
19064,E,freq_indep,4.242561365458606,FALSE,FALSE
19065,M,freq_indep,5.841948942039204,FALSE,FALSE
19065,E,freq_indep,5.65962738524525,FALSE,FALSE
19066,M,freq_indep,4.05018947281115,FALSE,FALSE
19066,E,freq_indep,5.254162277137086,FALSE,FALSE
19067,M,freq_indep,5.436483833931041,FALSE,FALSE
19067,E,freq_indep,4.589185973543837,FALSE,FALSE
19068,M,freq_indep,4.94586091748257,FALSE,FALSE
19068,E,freq_indep,4.743336653371095,FALSE,FALSE
19069,M,freq_indep,4.326821709076346,FALSE,FALSE
19069,E,freq_indep,4.337871545262931,FALSE,FALSE
19123,M,freq_indep,4.191924890560965,FALSE,FALSE
19123,E,freq_indep,5.5136807305432844,FALSE,FALSE
19124,M,freq_indep,4.580096548435975,FALSE,FALSE
19124,E,freq_indep,4.292414475984194,FALSE,FALSE
19125,M,freq_indep,5.640724338689064,FALSE,FALSE
19125,E,freq_indep,4.765255601335164,FALSE,FALSE
19126,M,freq_indep,4.353957793317702,FALSE,FALSE
19126,E,freq_indep,3.879499813722586,FALSE,TRUE
19127,M,freq_indep,4.6717156204985635,FALSE,FALSE
19127,E,freq_indep,4.854037177292518,FALSE,FALSE
19128,M,freq_indep,4.547195112241587,FALSE,FALSE
19128,E,freq_indep,5.10681090017701,FALSE,FALSE
19129,M,freq_indep,5.290159178846573,FALSE,FALSE
19129,E,freq_indep,4.479228962630244,FALSE,FALSE
19130,M,freq_indep,4.353855757707185,FALSE,FALSE
19130,E,freq_indep,4.489657298866247,FALSE,FALSE
19131,M,freq_indep,4.500008063347481,FALSE,FALSE
19131,E,freq_indep,4.71869726431231,FALSE,FALSE
19132,M,freq_indep,4.5459990527996395,FALSE,FALSE
19132,E,freq_indep,5.845282036929901,FALSE,FALSE
19133,M,freq_indep,4.391264140270357,FALSE,FALSE
19133,E,freq_indep,5.179721500634627,FALSE,FALSE
19134,M,freq_indep,4.331464067392284,FALSE,FALSE
19134,E,freq_indep,4.177313387565026,FALSE,FALSE
19135,M,freq_indep,4.476093143712949,FALSE,FALSE
19135,E,freq_indep,3.990585327931248,FALSE,FALSE
19136,M,freq_indep,4.384800561556607,FALSE,FALSE
19136,E,freq_indep,6.176560030784661,FALSE,FALSE
19137,M,freq_indep,4.544476117315836,FALSE,FALSE
19137,E,freq_indep,4.102643365036796,FALSE,FALSE
19138,M,freq_indep,4.724433606814909,FALSE,FALSE
19138,E,freq_indep,5.024538199265248,FALSE,FALSE
19139,M,freq_indep,4.490400462884684,FALSE,FALSE
19139,E,freq_indep,4.713544014198894,FALSE,FALSE
19140,M,freq_indep,4.420247847494079,FALSE,FALSE
19140,E,freq_indep,4.382026634673881,FALSE,FALSE
19141,M,freq_indep,4.876875303916732,FALSE,FALSE
19141,E,freq_indep,5.2053793708887675,FALSE,FALSE
19142,M,freq_indep,4.719093932306405,FALSE,FALSE
19142,E,freq_indep,4.112958128736089,FALSE,FALSE
19143,M,freq_indep,4.966480204685305,FALSE,FALSE
19143,E,freq_indep,5.100011597309828,FALSE,FALSE
19144,M,freq_indep,4.743336653371095,FALSE,FALSE
19144,E,freq_indep,5.6188053907249955,FALSE,FALSE
19145,M,freq_indep,4.326821709076346,FALSE,FALSE
19145,E,freq_indep,5.254162277137086,FALSE,FALSE
19146,M,freq_indep,4.848697169028921,FALSE,FALSE
19146,E,freq_indep,4.001399308641718,FALSE,FALSE
19147,M,freq_indep,4.406864416749882,FALSE,FALSE
19147,E,freq_indep,5.100011597309828,FALSE,FALSE
19148,M,freq_indep,4.812329524858047,FALSE,FALSE
19148,E,freq_indep,4.945860917482569,FALSE,FALSE
19149,M,freq_indep,5.947309457697031,FALSE,FALSE
19202,E,freq_indep,5.395897694886901,FALSE,FALSE
19203,M,freq_indep,4.2972854062187915,FALSE,FALSE
19203,E,freq_indep,4.98556165654414,FALSE,FALSE
19204,M,freq_indep,4.511103676949024,FALSE,FALSE
19204,E,freq_indep,4.611104921507906,FALSE,FALSE
19205,M,freq_indep,4.436751534363128,FALSE,FALSE
19205,E,freq_indep,4.641639865769482,FALSE,FALSE
19206,M,freq_indep,4.28496492183075,FALSE,FALSE
19206,E,freq_indep,4.943649335982205,FALSE,FALSE
19207,M,freq_indep,4.538184227874042,FALSE,FALSE
19207,E,freq_indep,4.973279507552487,FALSE,FALSE
19208,M,freq_indep,4.249360668325788,FALSE,FALSE
19208,E,freq_indep,4.5763927110838925,FALSE,FALSE
19209,M,freq_indep,4.479228962630245,FALSE,FALSE
19209,E,freq_indep,4.712800850180457,FALSE,FALSE
19210,M,freq_indep,4.471638793363569,FALSE,FALSE
19210,E,freq_indep,4.71869726431231,FALSE,FALSE
19211,M,freq_indep,4.536375707518356,FALSE,FALSE
19211,E,freq_indep,4.276666119016055,FALSE,FALSE
19212,M,freq_indep,4.815662619748743,FALSE,FALSE
19212,E,freq_indep,4.668895876868636,FALSE,FALSE
19213,M,freq_indep,3.985799032162192,FALSE,FALSE
19213,E,freq_indep,4.736929175500449,FALSE,FALSE
19214,M,freq_indep,5.430076356060393,FALSE,FALSE
19214,E,freq_indep,5.233778845410465,FALSE,FALSE
19215,M,freq_indep,4.743155928961994,FALSE,FALSE
19215,E,freq_indep,5.260269298910506,FALSE,FALSE
19216,M,freq_indep,4.769646382462036,FALSE,FALSE
19216,E,freq_indep,4.497956101680943,FALSE,FALSE
19217,M,freq_indep,3.900119100925322,FALSE,TRUE
19217,E,freq_indep,4.436751534363128,FALSE,FALSE
19218,M,freq_indep,4.688065962644034,FALSE,FALSE
19218,E,freq_indep,5.001226086650675,FALSE,FALSE
19219,M,freq_indep,4.239086034603778,FALSE,FALSE
19219,E,freq_indep,3.9765615265657175,FALSE,TRUE
19220,M,freq_indep,4.605170185988091,FALSE,FALSE
19220,E,freq_indep,4.445092887491193,FALSE,FALSE
19221,M,freq_indep,5.100018855230941,FALSE,FALSE
19221,E,freq_indep,4.431411859854625,FALSE,FALSE
19222,M,freq_indep,4.5367723755124505,FALSE,FALSE
19222,E,freq_indep,5.100011597309828,FALSE,FALSE
19223,M,freq_indep,4.2733330241253595,FALSE,FALSE
19223,E,freq_indep,4.56101509657714,FALSE,FALSE
19224,M,freq_indep,4.075507280795439,FALSE,FALSE
19224,E,freq_indep,4.94586091748257,FALSE,FALSE
19225,M,freq_indep,4.4938757937395115,FALSE,FALSE
19225,E,freq_indep,4.589185973543836,FALSE,FALSE
19226,M,freq_indep,4.743336653371095,FALSE,FALSE
19226,E,freq_indep,4.56101509657714,FALSE,FALSE
19227,M,freq_indep,5.793158777869773,FALSE,FALSE
19227,E,freq_indep,4.36034440111499,FALSE,FALSE
19228,M,freq_indep,4.242561365458606,FALSE,FALSE
19228,E,freq_indep,4.678798132233524,FALSE,FALSE
19282,M,freq_indep,5.5782192516808555,FALSE,FALSE
19282,E,freq_indep,4.260917762047916,FALSE,FALSE
19283,M,freq_indep,4.916568785057188,FALSE,FALSE
19283,E,freq_indep,5.609715965617133,FALSE,FALSE
19284,M,freq_indep,3.7536546896566843,FALSE,FALSE
19284,E,freq_indep,5.304252102067851,FALSE,FALSE
19285,M,freq_indep,5.38357721049886,FALSE,FALSE
19285,E,freq_indep,3.784189633918261,FALSE,FALSE
19286,M,freq_indep,4.720505784667996,FALSE,FALSE
19286,E,freq_indep,4.014936084109493,FALSE,FALSE
19287,M,freq_indep,4.344670848130113,FALSE,FALSE
19287,E,freq_indep,4.973279507552487,FALSE,FALSE
19288,M,freq_indep,5.472480735640528,FALSE,FALSE
19288,E,freq_indep,4.556190003766372,FALSE,FALSE
19289,M,freq_indep,3.709498741316672,FALSE,TRUE
19289,E,freq_indep,4.508006437534443,FALSE,FALSE
19290,M,freq_indep,3.930239903948041,FALSE,FALSE
19290,E,freq_indep,3.961011562614795,FALSE,FALSE
19291,M,freq_indep,5.152134856369956,FALSE,FALSE
19291,E,freq_indep,5.375278407684165,FALSE,FALSE
19292,M,freq_indep,6.096012232508782,FALSE,FALSE
19292,E,freq_indep,5.362043057428582,FALSE,FALSE
19293,M,freq_indep,4.513785624186239,FALSE,FALSE
19293,E,freq_indep,4.513785624186239,FALSE,FALSE
19294,M,freq_indep,4.743155928961994,FALSE,FALSE
19294,E,freq_indep,3.6721315968127137,FALSE,TRUE
19295,M,freq_indep,4.097118489104826,FALSE,FALSE
19295,E,freq_indep,3.624514078159033,FALSE,TRUE
19296,M,freq_indep,4.816409832799477,FALSE,FALSE
19296,E,freq_indep,5.797239085811203,FALSE,FALSE
19297,M,freq_indep,5.66889521565576,FALSE,FALSE
19297,E,freq_indep,5.717685379825193,FALSE,FALSE
19298,M,freq_indep,3.6089969900109695,TRUE,TRUE
19298,E,freq_indep,4.462229585917988,FALSE,FALSE
19299,M,freq_indep,4.738701578612614,FALSE,FALSE
19299,E,freq_indep,4.158883083359672,FALSE,FALSE
19300,M,freq_indep,5.610844478996932,FALSE,FALSE
19300,E,freq_indep,3.9931077637481365,FALSE,FALSE
19301,M,freq_indep,4.623783752502081,FALSE,FALSE
19301,E,freq_indep,4.3826216956851924,FALSE,FALSE
19302,M,freq_indep,4.4432320609207565,FALSE,FALSE
19302,E,freq_indep,4.326821709076346,FALSE,FALSE
19303,M,freq_indep,4.925658210165049,FALSE,FALSE
19303,E,freq_indep,5.947309457697031,FALSE,FALSE
19304,M,freq_indep,4.242561365458605,FALSE,FALSE
19304,E,freq_indep,5.505476705417992,FALSE,FALSE
19305,M,freq_indep,5.282333154103782,FALSE,FALSE
19305,E,freq_indep,4.966480204685305,FALSE,FALSE
19306,M,freq_indep,6.065092493353414,FALSE,FALSE
19306,E,freq_indep,5.947309457697031,FALSE,FALSE
19307,M,freq_indep,5.65962738524525,FALSE,FALSE
19307,E,freq_indep,4.743336653371095,FALSE,FALSE
19308,M,freq_indep,4.694546489201663,FALSE,FALSE
19361,E,freq_indep,4.88507207112091,FALSE,FALSE
19362,M,freq_indep,4.954064942607862,FALSE,FALSE
19362,E,freq_indep,5.427394408823179,FALSE,FALSE
19363,M,freq_indep,4.852030263919617,FALSE,FALSE
19363,E,freq_indep,4.947577158129119,FALSE,FALSE
19364,M,freq_indep,4.659895085677338,FALSE,FALSE
19364,E,freq_indep,4.28496492183075,FALSE,FALSE
19365,M,freq_indep,5.16043365918465,FALSE,FALSE
19365,E,freq_indep,4.05267641209234,FALSE,FALSE
19366,M,freq_indep,4.014936084109493,TRUE,TRUE
19366,E,freq_indep,3.854047931681641,FALSE,FALSE
19367,M,freq_indep,4.973279507552487,FALSE,FALSE
19367,E,freq_indep,5.249337184326318,FALSE,FALSE
19368,M,freq_indep,5.249337184326318,FALSE,FALSE
19368,E,freq_indep,5.095793102436563,FALSE,FALSE
19369,M,freq_indep,4.2203243650826625,FALSE,FALSE
19369,E,freq_indep,5.752771031842849,FALSE,FALSE
19370,M,freq_indep,4.718697264312311,FALSE,FALSE
19370,E,freq_indep,5.221127727856906,FALSE,FALSE
19371,M,freq_indep,4.815662619748743,FALSE,FALSE
19371,E,freq_indep,5.2487143721215785,FALSE,FALSE
19372,M,freq_indep,4.332423640247423,FALSE,FALSE
19372,E,freq_indep,4.1083205160780745,FALSE,FALSE
19373,M,freq_indep,4.716309888297713,FALSE,FALSE
19373,E,freq_indep,5.63924395351863,FALSE,FALSE
19374,M,freq_indep,4.54063166485052,FALSE,FALSE
19374,E,freq_indep,3.9429678092775675,FALSE,FALSE
19375,M,freq_indep,5.077947742116552,FALSE,FALSE
19375,E,freq_indep,4.343805421853684,FALSE,FALSE
19376,M,freq_indep,3.9871304779149517,FALSE,TRUE
19376,E,freq_indep,5.312220271717028,FALSE,FALSE
19377,M,freq_indep,4.149069461911347,FALSE,FALSE
19377,E,freq_indep,3.9597722118225134,FALSE,FALSE
19378,M,freq_indep,4.7499116583697685,FALSE,FALSE
19378,E,freq_indep,4.756720084115292,FALSE,FALSE
19379,M,freq_indep,4.487387150331708,FALSE,FALSE
19379,E,freq_indep,3.8190850097688767,FALSE,TRUE
19380,M,freq_indep,5.32316240654515,FALSE,FALSE
19380,E,freq_indep,4.24909030306067,FALSE,FALSE
19381,M,freq_indep,4.431411859854625,FALSE,FALSE
19381,E,freq_indep,5.100011597309828,FALSE,FALSE
19382,M,freq_indep,4.589185973543837,FALSE,FALSE
19382,E,freq_indep,3.954879293006825,FALSE,FALSE
19383,M,freq_indep,5.100011597309828,FALSE,FALSE
19383,E,freq_indep,4.36034440111499,FALSE,FALSE
19384,M,freq_indep,4.075507280795439,FALSE,TRUE
19384,E,freq_indep,4.678798132233524,FALSE,FALSE
19385,M,freq_indep,4.966480204685305,FALSE,FALSE
19385,E,freq_indep,5.14880176147926,FALSE,FALSE
19386,M,freq_indep,5.031018725822876,FALSE,FALSE
19386,E,freq_indep,5.3719453127934695,FALSE,FALSE
19387,M,freq_indep,4.56101509657714,FALSE,FALSE
19387,E,freq_indep,5.947309457697031,FALSE,FALSE
19441,M,freq_indep,5.10821562243512,FALSE,FALSE
19441,E,freq_indep,4.191924890560965,FALSE,FALSE
19442,M,freq_indep,4.328782120155069,FALSE,FALSE
19442,E,freq_indep,5.545177444479562,FALSE,FALSE
19443,M,freq_indep,4.456954241680648,FALSE,FALSE
19443,E,freq_indep,5.353042266237283,FALSE,FALSE
19444,M,freq_indep,5.16043365918465,FALSE,FALSE
19444,E,freq_indep,4.6904300299389154,FALSE,FALSE
19445,M,freq_indep,4.720505784667996,FALSE,FALSE
19445,E,freq_indep,4.943649335982205,FALSE,FALSE
19446,M,freq_indep,5.3944929726287905,FALSE,FALSE
19446,E,freq_indep,4.632352920581893,FALSE,FALSE
19447,M,freq_indep,4.442861318459369,FALSE,FALSE
19447,E,freq_indep,4.373868446972418,FALSE,FALSE
19448,M,freq_indep,4.75932086581535,FALSE,FALSE
19448,E,freq_indep,4.4896572988662475,FALSE,FALSE
19449,M,freq_indep,4.048022939604424,FALSE,FALSE
19449,E,freq_indep,4.248693635066576,FALSE,FALSE
19450,M,freq_indep,3.988984046564275,FALSE,FALSE
19450,E,freq_indep,4.661511939921484,FALSE,FALSE
19451,M,freq_indep,4.070059375779932,FALSE,FALSE
19451,E,freq_indep,4.892039428182846,FALSE,FALSE
19452,M,freq_indep,4.619146139844065,FALSE,FALSE
19452,E,freq_indep,5.275925676233135,FALSE,FALSE
19453,M,freq_indep,5.079628165583207,FALSE,FALSE
19453,E,freq_indep,4.252949592398739,FALSE,FALSE
19454,M,freq_indep,4.412971438523303,FALSE,FALSE
19454,E,freq_indep,4.672482634008388,FALSE,FALSE
19455,M,freq_indep,5.355406333532164,FALSE,FALSE
19455,E,freq_indep,4.698626797143094,FALSE,FALSE
19456,M,freq_indep,4.842216642471293,FALSE,FALSE
19456,E,freq_indep,5.024538199265248,FALSE,FALSE
19457,M,freq_indep,4.239086034603778,FALSE,FALSE
19457,E,freq_indep,4.7499116583697685,FALSE,FALSE
19458,M,freq_indep,4.669708707125662,FALSE,FALSE
19458,E,freq_indep,5.208705207858349,FALSE,FALSE
19459,M,freq_indep,5.387700927682722,FALSE,FALSE
19459,E,freq_indep,4.193778459210288,FALSE,FALSE
19460,M,freq_indep,4.336101680050299,FALSE,FALSE
19460,E,freq_indep,4.456729667838914,FALSE,FALSE
19461,M,freq_indep,4.812329524858047,FALSE,FALSE
19461,E,freq_indep,5.254162277137086,FALSE,FALSE
19462,M,freq_indep,5.254162277137086,FALSE,FALSE
19462,E,freq_indep,4.337871545262931,FALSE,FALSE
19463,M,freq_indep,4.812329524858047,FALSE,FALSE
19463,E,freq_indep,4.480972388903604,FALSE,FALSE
19464,M,freq_indep,4.155549988468976,FALSE,FALSE
19464,E,freq_indep,4.94586091748257,FALSE,FALSE
19465,M,freq_indep,4.812329524858047,FALSE,FALSE
19465,E,freq_indep,4.252713736922624,FALSE,FALSE
19466,M,freq_indep,4.694546489201663,FALSE,FALSE
19466,E,freq_indep,5.031018725822876,FALSE,FALSE
19467,M,freq_indep,4.678798132233523,FALSE,FALSE
19520,E,freq_indep,4.702750514326955,FALSE,FALSE
19521,M,freq_indep,4.597389998669129,FALSE,FALSE
19521,E,freq_indep,4.76241810522993,FALSE,FALSE
19522,M,freq_indep,5.139712336371398,FALSE,FALSE
19522,E,freq_indep,5.304252102067851,FALSE,FALSE
19523,M,freq_indep,5.304252102067851,FALSE,FALSE
19523,E,freq_indep,4.236174757661319,FALSE,FALSE
19524,M,freq_indep,4.28496492183075,FALSE,FALSE
19524,E,freq_indep,4.6717156204985635,FALSE,FALSE
19525,M,freq_indep,4.6717156204985635,FALSE,FALSE
19525,E,freq_indep,4.701345792068845,FALSE,FALSE
19526,M,freq_indep,4.567814399444322,FALSE,FALSE
19526,E,freq_indep,4.44286131845937,FALSE,FALSE
19527,M,freq_indep,5.136008499019315,FALSE,FALSE
19527,E,freq_indep,4.808111029984782,FALSE,FALSE
19528,M,freq_indep,4.690327994328398,FALSE,FALSE
19528,E,freq_indep,5.124162372420475,FALSE,FALSE
19529,M,freq_indep,4.536375707518356,FALSE,FALSE
19529,E,freq_indep,4.997984176542697,FALSE,FALSE
19530,M,freq_indep,4.45898767581001,FALSE,FALSE
19530,E,freq_indep,5.179721500634627,FALSE,FALSE
19531,M,freq_indep,4.997399943840672,FALSE,FALSE
19531,E,freq_indep,5.02461124795223,FALSE,FALSE
19532,M,freq_indep,4.464995460016807,FALSE,FALSE
19532,E,freq_indep,4.135166556742356,FALSE,FALSE
19533,M,freq_indep,4.386480985023262,FALSE,FALSE
19533,E,freq_indep,4.5183319541811295,FALSE,FALSE
19534,M,freq_indep,4.317661258718978,FALSE,FALSE
19534,E,freq_indep,4.795790545596741,FALSE,FALSE
19535,M,freq_indep,4.528727760347696,FALSE,FALSE
19535,E,freq_indep,4.688065962644034,FALSE,FALSE
19536,M,freq_indep,4.801394647951038,FALSE,FALSE
19536,E,freq_indep,4.580012621574371,FALSE,FALSE
19537,M,freq_indep,4.462229585917988,FALSE,FALSE
19537,E,freq_indep,4.382026634673881,FALSE,FALSE
19538,M,freq_indep,4.756720084115292,FALSE,FALSE
19538,E,freq_indep,4.799914262780603,FALSE,FALSE
19539,M,freq_indep,4.3115614948666705,FALSE,FALSE
19539,E,freq_indep,4.218318644393916,FALSE,FALSE
19540,M,freq_indep,5.006776004758186,FALSE,FALSE
19540,E,freq_indep,4.455654580919314,FALSE,FALSE
19541,M,freq_indep,5.254162277137086,FALSE,FALSE
19541,E,freq_indep,4.56101509657714,FALSE,FALSE
19542,M,freq_indep,4.848697169028921,FALSE,FALSE
19542,E,freq_indep,5.505476705417991,FALSE,FALSE
19543,M,freq_indep,4.966480204685305,FALSE,FALSE
19543,E,freq_indep,4.56101509657714,FALSE,FALSE
19544,M,freq_indep,4.94586091748257,FALSE,FALSE
19544,E,freq_indep,4.56101509657714,FALSE,FALSE
19545,M,freq_indep,4.94586091748257,FALSE,FALSE
19545,E,freq_indep,5.618805390724995,FALSE,FALSE
19546,M,freq_indep,4.589185973543837,FALSE,FALSE
19546,E,freq_indep,5.031018725822876,FALSE,FALSE
19600,M,freq_indep,4.143134726391533,FALSE,FALSE
19600,E,freq_indep,5.10821562243512,FALSE,FALSE
19601,M,freq_indep,4.446565155811453,FALSE,FALSE
19601,E,freq_indep,4.580096548435975,FALSE,FALSE
19602,M,freq_indep,4.205639813399741,FALSE,FALSE
19602,E,freq_indep,4.456954241680648,FALSE,FALSE
19603,M,freq_indep,4.978112102390695,FALSE,FALSE
19603,E,freq_indep,4.236174757661319,FALSE,FALSE
19604,M,freq_indep,4.02735860410805,FALSE,TRUE
19604,E,freq_indep,4.315040676559831,FALSE,FALSE
19605,M,freq_indep,4.632352920581893,FALSE,FALSE
19605,E,freq_indep,3.9616785958740066,FALSE,TRUE
19606,M,freq_indep,4.556190003766372,FALSE,FALSE
19606,E,freq_indep,4.037396210351205,FALSE,FALSE
19607,M,freq_indep,4.690327994328398,FALSE,FALSE
19607,E,freq_indep,4.508006437534443,FALSE,FALSE
19608,M,freq_indep,5.634987996186466,FALSE,FALSE
19608,E,freq_indep,4.654158743174739,FALSE,FALSE
19609,M,freq_indep,4.45898767581001,FALSE,FALSE
19609,E,freq_indep,5.780743515792329,FALSE,FALSE
19610,M,freq_indep,4.843249264013414,FALSE,FALSE
19610,E,freq_indep,4.774256392526462,FALSE,FALSE
19611,M,freq_indep,4.418475444381914,FALSE,FALSE
19611,E,freq_indep,4.1083205160780745,FALSE,FALSE
19612,M,freq_indep,4.386480985023262,FALSE,FALSE
19612,E,freq_indep,5.233778845410466,FALSE,FALSE
19613,M,freq_indep,4.317661258718978,FALSE,FALSE
19613,E,freq_indep,4.6361149898375125,FALSE,FALSE
19614,M,freq_indep,5.509557013359422,FALSE,FALSE
19614,E,freq_indep,4.816409832799477,FALSE,FALSE
19615,M,freq_indep,5.024538199265247,FALSE,FALSE
19615,E,freq_indep,4.202558146862334,FALSE,FALSE
19616,M,freq_indep,4.462229585917988,FALSE,FALSE
19616,E,freq_indep,4.5800126215743715,FALSE,FALSE
19617,M,freq_indep,4.738701578612614,FALSE,FALSE
19617,E,freq_indep,4.264243599017498,FALSE,FALSE
19618,M,freq_indep,4.917697298436987,FALSE,FALSE
19618,E,freq_indep,4.540403067295519,FALSE,FALSE
19619,M,freq_indep,4.5367723755124505,FALSE,FALSE
19619,E,freq_indep,4.5367723755124505,FALSE,FALSE
19620,M,freq_indep,4.966480204685305,FALSE,FALSE
19620,E,freq_indep,4.589185973543837,FALSE,FALSE
19621,M,freq_indep,4.56101509657714,FALSE,FALSE
19621,E,freq_indep,4.493875793739512,FALSE,FALSE
19622,M,freq_indep,5.505476705417991,FALSE,FALSE
19622,E,freq_indep,3.9324064371547665,FALSE,FALSE
19623,M,freq_indep,4.360344401114989,FALSE,FALSE
19623,E,freq_indep,3.580185843565414,TRUE,TRUE
19624,M,freq_indep,4.92565821016505,FALSE,FALSE
19624,E,freq_indep,5.5418443495888665,FALSE,FALSE
19625,M,freq_indep,4.848697169028921,FALSE,FALSE
19625,E,freq_indep,5.841948942039205,FALSE,FALSE
19626,M,freq_indep,4.36034440111499,FALSE,FALSE
19679,E,freq_indep,5.290537179229074,FALSE,FALSE
19680,M,freq_indep,5.067393627914865,FALSE,FALSE
19680,E,freq_indep,4.328782120155069,FALSE,FALSE
19681,M,freq_indep,4.292414475984194,FALSE,FALSE
19681,E,freq_indep,4.765255601335164,FALSE,FALSE
19682,M,freq_indep,3.9543253851188354,FALSE,FALSE
19682,E,freq_indep,4.102643365036796,FALSE,FALSE
19683,M,freq_indep,4.795790545596741,FALSE,FALSE
19683,E,freq_indep,5.008187857119776,FALSE,FALSE
19684,M,freq_indep,5.701335037679722,FALSE,FALSE
19684,E,freq_indep,4.8836673488628,FALSE,FALSE
19685,M,freq_indep,4.8836673488628,FALSE,FALSE
19685,E,freq_indep,4.597011998286628,FALSE,FALSE
19686,M,freq_indep,4.779333555080582,FALSE,FALSE
19686,E,freq_indep,5.201153618094389,FALSE,FALSE
19687,M,freq_indep,6.012083834310718,FALSE,FALSE
19687,E,freq_indep,4.970011692593217,FALSE,FALSE
19688,M,freq_indep,4.500008063347481,FALSE,FALSE
19688,E,freq_indep,5.221127727856906,FALSE,FALSE
19689,M,freq_indep,5.152134856369956,FALSE,FALSE
19689,E,freq_indep,5.5851866087427915,FALSE,FALSE
19690,M,freq_indep,4.332423640247423,FALSE,FALSE
19690,E,freq_indep,5.275925676233135,FALSE,FALSE
19691,M,freq_indep,5.1423942836086125,FALSE,FALSE
19691,E,freq_indep,5.169240324272894,FALSE,FALSE
19692,M,freq_indep,3.934495861280204,FALSE,TRUE
19692,E,freq_indep,4.769646382462035,FALSE,FALSE
19693,M,freq_indep,4.672482634008388,FALSE,FALSE
19693,E,freq_indep,4.187801173377102,FALSE,FALSE
19694,M,freq_indep,3.9871304779149517,FALSE,FALSE
19694,E,freq_indep,5.024538199265247,FALSE,FALSE
19695,M,freq_indep,4.975748035095815,FALSE,FALSE
19695,E,freq_indep,5.520019880065842,FALSE,FALSE
19696,M,freq_indep,4.826872699505897,FALSE,FALSE
19696,E,freq_indep,4.892852258439872,FALSE,FALSE
19697,M,freq_indep,4.892852258439873,FALSE,FALSE
19697,E,freq_indep,3.9526164023933994,FALSE,FALSE
19698,M,freq_indep,4.512232190328822,FALSE,FALSE
19698,E,freq_indep,3.707493020627925,TRUE,TRUE
19699,M,freq_indep,4.623783752502081,FALSE,FALSE
19699,E,freq_indep,4.337871545262931,FALSE,FALSE
19700,M,freq_indep,4.242561365458606,FALSE,FALSE
19700,E,freq_indep,4.6480264735667705,FALSE,FALSE
19701,M,freq_indep,4.406864416749882,FALSE,FALSE
19701,E,freq_indep,4.966480204685305,FALSE,FALSE
19702,M,freq_indep,4.8303480303607245,FALSE,FALSE
19702,E,freq_indep,4.36034440111499,FALSE,FALSE
19703,M,freq_indep,5.436483833931041,FALSE,FALSE
19703,E,freq_indep,4.360344401114989,FALSE,FALSE
19704,M,freq_indep,3.954879293006825,FALSE,TRUE
19704,E,freq_indep,4.455654580919314,FALSE,FALSE
19705,M,freq_indep,4.848697169028921,FALSE,FALSE
19705,E,freq_indep,5.43648383393104,FALSE,FALSE
19759,M,freq_indep,4.127386369423394,FALSE,FALSE
19759,E,freq_indep,5.513680730543284,FALSE,FALSE
19760,M,freq_indep,4.98556165654414,FALSE,FALSE
19760,E,freq_indep,4.98556165654414,FALSE,FALSE
19761,M,freq_indep,5.353042266237283,FALSE,FALSE
19761,E,freq_indep,5.353042266237283,FALSE,FALSE
19762,M,freq_indep,4.690430029938915,FALSE,FALSE
19762,E,freq_indep,4.390325437488577,FALSE,FALSE
19763,M,freq_indep,4.854037177292518,FALSE,FALSE
19763,E,freq_indep,4.720505784667996,FALSE,FALSE
19764,M,freq_indep,3.8438955602176232,FALSE,TRUE
19764,E,freq_indep,4.855496471896103,FALSE,FALSE
19765,M,freq_indep,4.037396210351205,FALSE,FALSE
19765,E,freq_indep,4.9128649477051045,FALSE,FALSE
19766,M,freq_indep,4.913471545642608,FALSE,FALSE
19766,E,freq_indep,4.402645921876617,FALSE,FALSE
19767,M,freq_indep,4.861798107952985,FALSE,FALSE
19767,E,freq_indep,4.633539455972004,FALSE,FALSE
19768,M,freq_indep,4.68213122712422,FALSE,FALSE
19768,E,freq_indep,4.5459990527996395,FALSE,FALSE
19769,M,freq_indep,4.081109211966517,FALSE,FALSE
19769,E,freq_indep,3.8804385165043658,FALSE,TRUE
19770,M,freq_indep,5.430076356060393,FALSE,FALSE
19770,E,freq_indep,5.0527821249189255,FALSE,FALSE
19771,M,freq_indep,4.946096772958684,FALSE,FALSE
19771,E,freq_indep,5.233778845410466,FALSE,FALSE
19772,M,freq_indep,4.790265669664771,FALSE,FALSE
19772,E,freq_indep,5.077947742116552,FALSE,FALSE
19773,M,freq_indep,4.880948353937049,FALSE,FALSE
19773,E,freq_indep,4.949941225423999,FALSE,FALSE
19774,M,freq_indep,5.312220271717028,FALSE,FALSE
19774,E,freq_indep,4.149069461911347,FALSE,FALSE
19775,M,freq_indep,4.356869070260161,FALSE,FALSE
19775,E,freq_indep,4.644551142711942,FALSE,FALSE
19776,M,freq_indep,5.468216403343434,FALSE,FALSE
19776,E,freq_indep,4.2531937628309135,FALSE,FALSE
19777,M,freq_indep,5.233550247855464,FALSE,FALSE
19777,E,freq_indep,3.9526164023933994,FALSE,FALSE
19778,M,freq_indep,4.218318644393916,FALSE,FALSE
19778,E,freq_indep,5.34770259172878,FALSE,FALSE
19779,M,freq_indep,5.505476705417992,FALSE,FALSE
19779,E,freq_indep,5.505476705417992,FALSE,FALSE
19780,M,freq_indep,4.678798132233524,FALSE,FALSE
19780,E,freq_indep,4.360344401114989,FALSE,FALSE
19781,M,freq_indep,4.561015096577141,FALSE,FALSE
19781,E,freq_indep,3.7878252083436585,FALSE,TRUE
19782,M,freq_indep,4.337871545262931,FALSE,FALSE
19782,E,freq_indep,4.001399308641718,FALSE,FALSE
19783,M,freq_indep,5.841948942039204,FALSE,FALSE
19783,E,freq_indep,4.56101509657714,FALSE,FALSE
19784,M,freq_indep,4.743336653371095,FALSE,FALSE
19784,E,freq_indep,5.031018725822876,FALSE,FALSE
19785,M,freq_indep,4.589185973543837,FALSE,FALSE
19838,E,freq_indep,4.88507207112091,FALSE,FALSE
19839,M,freq_indep,6.206827911103229,FALSE,FALSE
19839,E,freq_indep,4.1588830833596715,FALSE,FALSE
19840,M,freq_indep,4.1588830833596715,FALSE,FALSE
19840,E,freq_indep,3.7536546896566843,TRUE,TRUE
19841,M,freq_indep,4.359790493227,FALSE,FALSE
19841,E,freq_indep,4.978112102390695,FALSE,FALSE
19842,M,freq_indep,4.795790545596741,FALSE,FALSE
19842,E,freq_indep,4.538184227874041,FALSE,FALSE
19843,M,freq_indep,4.602722749011613,FALSE,FALSE
19843,E,freq_indep,5.730965209250003,FALSE,FALSE
19844,M,freq_indep,4.973279507552487,FALSE,FALSE
19844,E,freq_indep,4.479228962630245,FALSE,FALSE
19845,M,freq_indep,4.191546890178463,FALSE,FALSE
19845,E,freq_indep,4.75932086581535,FALSE,FALSE
19846,M,freq_indep,4.584967478670571,FALSE,FALSE
19846,E,freq_indep,4.536375707518356,FALSE,FALSE
19847,M,freq_indep,5.124162372420476,FALSE,FALSE
19847,E,freq_indep,4.864452783918175,FALSE,FALSE
19848,M,freq_indep,4.746669748261791,FALSE,FALSE
19848,E,freq_indep,4.4865743200746815,FALSE,FALSE
19849,M,freq_indep,4.668895876868636,FALSE,FALSE
19849,E,freq_indep,4.35963494435898,FALSE,FALSE
19850,M,freq_indep,4.226103551734458,FALSE,FALSE
19850,E,freq_indep,4.85078659315436,FALSE,FALSE
19851,M,freq_indep,4.135166556742355,FALSE,FALSE
19851,E,freq_indep,5.365629814568333,FALSE,FALSE
19852,M,freq_indep,4.5183319541811295,FALSE,FALSE
19852,E,freq_indep,4.256794044864054,FALSE,FALSE
19853,M,freq_indep,5.286413462045212,FALSE,FALSE
19853,E,freq_indep,4.369612231525499,FALSE,FALSE
19854,M,freq_indep,4.331391018705302,FALSE,FALSE
19854,E,freq_indep,4.261558890455837,FALSE,FALSE
19855,M,freq_indep,4.8268726995058975,FALSE,FALSE
19855,E,freq_indep,5.208705207858349,FALSE,FALSE
19856,M,freq_indep,5.180534330891653,FALSE,FALSE
19856,E,freq_indep,4.026724374547121,FALSE,FALSE
19857,M,freq_indep,4.193778459210288,FALSE,FALSE
19857,E,freq_indep,4.788086803793357,FALSE,FALSE
19858,M,freq_indep,4.469633072674822,FALSE,FALSE
19858,E,freq_indep,4.2733330241253595,FALSE,FALSE
19859,M,freq_indep,4.36034440111499,FALSE,FALSE
19859,E,freq_indep,4.480972388903604,FALSE,FALSE
19860,M,freq_indep,5.254162277137087,FALSE,FALSE
19860,E,freq_indep,4.001399308641718,FALSE,FALSE
19861,M,freq_indep,4.232511029605105,FALSE,FALSE
19861,E,freq_indep,4.4938757937395115,FALSE,FALSE
19862,M,freq_indep,4.493875793739512,FALSE,FALSE
19862,E,freq_indep,4.561015096577141,FALSE,FALSE
19863,M,freq_indep,4.242561365458606,FALSE,FALSE
19863,E,freq_indep,4.743336653371095,FALSE,FALSE
19864,M,freq_indep,4.242561365458606,FALSE,FALSE
19864,E,freq_indep,5.841948942039205,FALSE,FALSE
19918,M,freq_indep,5.067393627914865,FALSE,FALSE
19918,E,freq_indep,4.037774210733707,FALSE,FALSE
19919,M,freq_indep,4.916568785057188,FALSE,FALSE
19919,E,freq_indep,4.511103676949024,FALSE,FALSE
19920,M,freq_indep,4.765255601335165,FALSE,FALSE
19920,E,freq_indep,5.01657002961607,FALSE,FALSE
19921,M,freq_indep,4.353957793317702,FALSE,FALSE
19921,E,freq_indep,4.572646994282532,FALSE,FALSE
19922,M,freq_indep,4.6717156204985635,FALSE,FALSE
19922,E,freq_indep,4.943649335982205,FALSE,FALSE
19923,M,freq_indep,4.5269924049240675,FALSE,FALSE
19923,E,freq_indep,4.701345792068845,FALSE,FALSE
19924,M,freq_indep,4.278558267168093,FALSE,FALSE
19924,E,freq_indep,5.472480735640528,FALSE,FALSE
19925,M,freq_indep,5.606618726202553,FALSE,FALSE
19925,E,freq_indep,4.471638793363568,FALSE,FALSE
19926,M,freq_indep,4.500008063347481,FALSE,FALSE
19926,E,freq_indep,5.124162372420476,FALSE,FALSE
19927,M,freq_indep,4.276666119016055,FALSE,FALSE
19927,E,freq_indep,4.45898767581001,FALSE,FALSE
19928,M,freq_indep,4.555567191561633,FALSE,FALSE
19928,E,freq_indep,5.115182979497056,FALSE,FALSE
19929,M,freq_indep,4.619146139844065,FALSE,FALSE
19929,E,freq_indep,4.418475444381914,FALSE,FALSE
19930,M,freq_indep,5.744604469176456,FALSE,FALSE
19930,E,freq_indep,4.645992180508347,FALSE,FALSE
19931,M,freq_indep,4.384800561556607,FALSE,FALSE
19931,E,freq_indep,4.710222961991235,FALSE,FALSE
19932,M,freq_indep,4.698626797143094,FALSE,FALSE
19932,E,freq_indep,4.544476117315835,FALSE,FALSE
19933,M,freq_indep,4.464922411329825,FALSE,FALSE
19933,E,freq_indep,4.619073091157083,FALSE,FALSE
19934,M,freq_indep,5.337698323271888,FALSE,FALSE
19934,E,freq_indep,4.239086034603778,FALSE,FALSE
19935,M,freq_indep,4.487387150331708,FALSE,FALSE
19935,E,freq_indep,4.2531937628309135,FALSE,FALSE
19936,M,freq_indep,5.456693799169674,FALSE,FALSE
19936,E,freq_indep,4.917697298436987,FALSE,FALSE
19937,M,freq_indep,4.11295812873609,FALSE,FALSE
19937,E,freq_indep,5.6353846641805605,FALSE,FALSE
19938,M,freq_indep,5.254162277137086,FALSE,FALSE
19938,E,freq_indep,4.743336653371095,FALSE,FALSE
19939,M,freq_indep,5.031018725822876,FALSE,FALSE
19939,E,freq_indep,5.282333154103782,FALSE,FALSE
19940,M,freq_indep,4.360344401114989,FALSE,FALSE
19940,E,freq_indep,4.493875793739512,FALSE,FALSE
19941,M,freq_indep,4.242561365458606,FALSE,FALSE
19941,E,freq_indep,5.100011597309828,FALSE,FALSE
19942,M,freq_indep,4.4938757937395115,FALSE,FALSE
19942,E,freq_indep,4.694546489201663,FALSE,FALSE
19943,M,freq_indep,4.945860917482569,FALSE,FALSE
19943,E,freq_indep,4.455654580919314,FALSE,FALSE
19944,M,freq_indep,4.360344401114989,FALSE,FALSE
19997,E,freq_indep,4.394449154672439,FALSE,FALSE
19998,M,freq_indep,4.730921391293651,FALSE,FALSE
19998,E,freq_indep,4.76241810522993,FALSE,FALSE
19999,M,freq_indep,4.916568785057188,FALSE,FALSE
19999,E,freq_indep,4.456954241680648,FALSE,FALSE
20000,M,freq_indep,4.659895085677338,FALSE,FALSE
20000,E,freq_indep,4.220426400693179,FALSE,FALSE
20001,M,freq_indep,4.823961422563437,FALSE,FALSE
20001,E,freq_indep,4.2662505123904,FALSE,FALSE
20002,M,freq_indep,5.519013480885767,FALSE,FALSE
20002,E,freq_indep,6.359573868672378,FALSE,FALSE
20003,M,freq_indep,5.666426688112432,FALSE,FALSE
20003,E,freq_indep,4.191546890178463,FALSE,FALSE
20004,M,freq_indep,4.309329925834847,FALSE,FALSE
20004,E,freq_indep,4.353855757707185,FALSE,FALSE
20005,M,freq_indep,4.307335742072293,FALSE,FALSE
20005,E,freq_indep,4.836480299968694,FALSE,FALSE
20006,M,freq_indep,4.941840815626521,FALSE,FALSE
20006,E,freq_indep,4.276666119016055,FALSE,FALSE
20007,M,freq_indep,5.508809800308687,FALSE,FALSE
20007,E,freq_indep,4.709717871388891,FALSE,FALSE
20008,M,freq_indep,4.437784155905249,FALSE,FALSE
20008,E,freq_indep,5.02461124795223,FALSE,FALSE
20009,M,freq_indep,4.35963494435898,FALSE,FALSE
20009,E,freq_indep,4.358310108056565,FALSE,FALSE
20010,M,freq_indep,4.252949592398739,FALSE,FALSE
20010,E,freq_indep,4.5183319541811295,FALSE,FALSE
20011,M,freq_indep,4.066346830438072,FALSE,FALSE
20011,E,freq_indep,4.593266281485267,FALSE,FALSE
20012,M,freq_indep,4.9987313895934316,FALSE,FALSE
20012,E,freq_indep,4.464922411329825,FALSE,FALSE
20013,M,freq_indep,4.0312864262549635,FALSE,FALSE
20013,E,freq_indep,4.356869070260161,FALSE,FALSE
20014,M,freq_indep,4.356869070260161,FALSE,FALSE
20014,E,freq_indep,4.852030263919618,FALSE,FALSE
20015,M,freq_indep,5.362855887685608,FALSE,FALSE
20015,E,freq_indep,5.898526551448713,FALSE,FALSE
20016,M,freq_indep,4.358081510501564,FALSE,FALSE
20016,E,freq_indep,5.229919556072396,FALSE,FALSE
20017,M,freq_indep,5.006776004758186,FALSE,FALSE
20017,E,freq_indep,4.92565821016505,FALSE,FALSE
20018,M,freq_indep,4.812329524858047,FALSE,FALSE
20018,E,freq_indep,4.13720084980078,FALSE,FALSE
20019,M,freq_indep,4.242561365458606,FALSE,FALSE
20019,E,freq_indep,4.678798132233524,FALSE,FALSE
20020,M,freq_indep,4.56101509657714,FALSE,FALSE
20020,E,freq_indep,4.232511029605104,FALSE,FALSE
20021,M,freq_indep,4.56101509657714,FALSE,FALSE
20021,E,freq_indep,4.137200849800779,FALSE,FALSE
20022,M,freq_indep,4.94586091748257,FALSE,FALSE
20022,E,freq_indep,5.053491581674934,FALSE,FALSE
20023,M,freq_indep,4.56101509657714,FALSE,FALSE
20023,E,freq_indep,5.6596273852452494,FALSE,FALSE
20077,M,freq_indep,4.143134726391533,FALSE,FALSE
20077,E,freq_indep,4.4796069630127455,FALSE,FALSE
20078,M,freq_indep,5.545177444479562,FALSE,FALSE
20078,E,freq_indep,5.139712336371398,FALSE,FALSE
20079,M,freq_indep,5.353042266237283,FALSE,FALSE
20079,E,freq_indep,4.542112050020954,FALSE,FALSE
20080,M,freq_indep,4.5081084731449605,FALSE,FALSE
20080,E,freq_indep,4.353957793317702,FALSE,FALSE
20081,M,freq_indep,4.720505784667996,FALSE,FALSE
20081,E,freq_indep,5.077180728606728,FALSE,FALSE
20082,M,freq_indep,4.750135956238277,FALSE,FALSE
20082,E,freq_indep,5.3944929726287905,FALSE,FALSE
20083,M,freq_indep,5.2493371843263175,FALSE,FALSE
20083,E,freq_indep,4.779333555080583,FALSE,FALSE
20084,M,freq_indep,4.4026459218766165,FALSE,FALSE
20084,E,freq_indep,6.012083834310718,FALSE,FALSE
20085,M,freq_indep,4.787690135799262,FALSE,FALSE
20085,E,freq_indep,5.347305923734685,FALSE,FALSE
20086,M,freq_indep,4.997984176542697,FALSE,FALSE
20086,E,freq_indep,4.68213122712422,FALSE,FALSE
20087,M,freq_indep,5.025570820807369,FALSE,FALSE
20087,E,freq_indep,5.285082016292453,FALSE,FALSE
20088,M,freq_indep,4.619146139844065,FALSE,FALSE
20088,E,freq_indep,4.919250732294403,FALSE,FALSE
20089,M,freq_indep,4.358310108056566,FALSE,FALSE
20089,E,freq_indep,4.240527072400182,FALSE,FALSE
20090,M,freq_indep,4.654133495340191,FALSE,FALSE
20090,E,freq_indep,4.471811938546236,FALSE,FALSE
20091,M,freq_indep,4.343805421853684,FALSE,FALSE
20091,E,freq_indep,5.355406333532164,FALSE,FALSE
20092,M,freq_indep,4.706084468146712,FALSE,FALSE
20092,E,freq_indep,4.436751534363128,FALSE,FALSE
20093,M,freq_indep,4.5800126215743715,FALSE,FALSE
20093,E,freq_indep,4.59576097854251,FALSE,FALSE
20094,M,freq_indep,4.669708707125662,FALSE,FALSE
20094,E,freq_indep,4.199705077879927,FALSE,FALSE
20095,M,freq_indep,4.311561494866671,FALSE,FALSE
20095,E,freq_indep,4.512232190328822,FALSE,FALSE
20096,M,freq_indep,5.006776004758186,FALSE,FALSE
20096,E,freq_indep,4.564943252479147,FALSE,FALSE
20097,M,freq_indep,4.337871545262931,FALSE,FALSE
20097,E,freq_indep,4.925658210165049,FALSE,FALSE
20098,M,freq_indep,4.56101509657714,FALSE,FALSE
20098,E,freq_indep,4.137200849800779,FALSE,FALSE
20099,M,freq_indep,4.326821709076346,FALSE,FALSE
20099,E,freq_indep,4.92565821016505,FALSE,FALSE
20100,M,freq_indep,5.254162277137086,FALSE,FALSE
20100,E,freq_indep,4.137200849800779,FALSE,FALSE
20101,M,freq_indep,4.242561365458606,FALSE,FALSE
20101,E,freq_indep,4.966480204685305,FALSE,FALSE
20102,M,freq_indep,4.337871545262931,FALSE,FALSE
20102,E,freq_indep,5.254162277137086,FALSE,FALSE
20103,M,freq_indep,5.148801761479259,FALSE,FALSE
20156,E,freq_indep,4.191924890560965,FALSE,FALSE
20157,M,freq_indep,5.513680730543284,FALSE,FALSE
20157,E,freq_indep,4.916568785057188,FALSE,FALSE
20158,M,freq_indep,5.27324372899592,FALSE,FALSE
20158,E,freq_indep,4.7934264783018605,FALSE,FALSE
20159,M,freq_indep,4.323422849056125,FALSE,FALSE
20159,E,freq_indep,5.16043365918465,FALSE,FALSE
20160,M,freq_indep,4.236174757661319,FALSE,FALSE
20160,E,freq_indep,4.538184227874042,FALSE,FALSE
20161,M,freq_indep,4.602722749011612,FALSE,FALSE
20161,E,freq_indep,4.2958806839606805,FALSE,FALSE
20162,M,freq_indep,4.5269924049240675,FALSE,FALSE
20162,E,freq_indep,4.479228962630245,FALSE,FALSE
20163,M,freq_indep,4.191546890178463,FALSE,FALSE
20163,E,freq_indep,4.019653669620512,FALSE,FALSE
20164,M,freq_indep,4.625789473190827,FALSE,FALSE
20164,E,freq_indep,3.843228526958411,FALSE,TRUE
20165,M,freq_indep,4.335705012056206,FALSE,FALSE
20165,E,freq_indep,4.68213122712422,FALSE,FALSE
20166,M,freq_indep,5.0875963352323845,FALSE,FALSE
20166,E,freq_indep,3.818744947499026,FALSE,TRUE
20167,M,freq_indep,5.025570820807368,FALSE,FALSE
20167,E,freq_indep,4.919250732294403,FALSE,FALSE
20168,M,freq_indep,4.464995460016807,FALSE,FALSE
20168,E,freq_indep,4.897306608789252,FALSE,FALSE
20169,M,freq_indep,4.897306608789252,FALSE,FALSE
20169,E,freq_indep,3.719824257963358,FALSE,TRUE
20170,M,freq_indep,4.972587226458725,FALSE,FALSE
20170,E,freq_indep,4.816409832799477,FALSE,FALSE
20171,M,freq_indep,4.775587838279222,FALSE,FALSE
20171,E,freq_indep,4.8215973552685565,FALSE,FALSE
20172,M,freq_indep,4.706084468146712,FALSE,FALSE
20172,E,freq_indep,4.59576097854251,FALSE,FALSE
20173,M,freq_indep,4.239086034603778,FALSE,FALSE
20173,E,freq_indep,4.487387150331708,FALSE,FALSE
20174,M,freq_indep,5.0263836510643944,FALSE,FALSE
20174,E,freq_indep,4.289088639014612,FALSE,FALSE
20175,M,freq_indep,3.906096386758507,FALSE,TRUE
20175,E,freq_indep,4.788086803793357,FALSE,FALSE
20176,M,freq_indep,5.229919556072396,FALSE,FALSE
20176,E,freq_indep,4.812329524858047,FALSE,FALSE
20177,M,freq_indep,4.56101509657714,FALSE,FALSE
20177,E,freq_indep,4.232511029605105,FALSE,FALSE
20178,M,freq_indep,4.480972388903604,FALSE,FALSE
20178,E,freq_indep,5.3719453127934695,FALSE,FALSE
20179,M,freq_indep,4.480972388903604,FALSE,FALSE
20179,E,freq_indep,4.92565821016505,FALSE,FALSE
20180,M,freq_indep,3.8748365853332882,FALSE,FALSE
20180,E,freq_indep,4.001399308641718,FALSE,FALSE
20181,M,freq_indep,4.848697169028921,FALSE,FALSE
20181,E,freq_indep,4.743336653371095,FALSE,FALSE
20182,M,freq_indep,4.92565821016505,FALSE,FALSE
20182,E,freq_indep,4.812329524858047,FALSE,FALSE
20236,M,freq_indep,5.290537179229074,FALSE,FALSE
20236,E,freq_indep,4.702750514326955,FALSE,FALSE
20237,M,freq_indep,4.916568785057188,FALSE,FALSE
20237,E,freq_indep,5.832859516931343,FALSE,FALSE
20238,M,freq_indep,4.477573528883384,FALSE,FALSE
20238,E,freq_indep,5.640724338689064,FALSE,FALSE
20239,M,freq_indep,5.16043365918465,FALSE,FALSE
20239,E,freq_indep,4.487489185942224,FALSE,FALSE
20240,M,freq_indep,4.315040676559831,FALSE,FALSE
20240,E,freq_indep,5.231331408433986,FALSE,FALSE
20241,M,freq_indep,4.855496471896103,FALSE,FALSE
20241,E,freq_indep,4.413663719617064,FALSE,FALSE
20242,M,freq_indep,5.0670156275323635,FALSE,FALSE
20242,E,freq_indep,4.912864947705105,FALSE,FALSE
20243,M,freq_indep,4.75932086581535,FALSE,FALSE
20243,E,freq_indep,5.501258210544727,FALSE,FALSE
20244,M,freq_indep,4.633539455972004,FALSE,FALSE
20244,E,freq_indep,5.124162372420475,FALSE,FALSE
20245,M,freq_indep,4.075995423553904,FALSE,FALSE
20245,E,freq_indep,4.68213122712422,FALSE,FALSE
20246,M,freq_indep,4.591934835732507,FALSE,FALSE
20246,E,freq_indep,4.081109211966517,FALSE,FALSE
20247,M,freq_indep,4.58277849567319,FALSE,FALSE
20247,E,freq_indep,4.736929175500449,FALSE,FALSE
20248,M,freq_indep,4.491841500681089,FALSE,FALSE
20248,E,freq_indep,4.722953221644475,FALSE,FALSE
20249,M,freq_indep,4.790265669664771,FALSE,FALSE
20249,E,freq_indep,5.953416479470452,FALSE,FALSE
20250,M,freq_indep,4.439115601658009,FALSE,FALSE
20250,E,freq_indep,5.221874940907641,FALSE,FALSE
20251,M,freq_indep,4.331391018705302,FALSE,FALSE
20251,E,freq_indep,5.312220271717028,FALSE,FALSE
20252,M,freq_indep,4.7499116583697685,FALSE,FALSE
20252,E,freq_indep,5.001226086650674,FALSE,FALSE
20253,M,freq_indep,5.431848759172559,FALSE,FALSE
20253,E,freq_indep,4.892852258439873,FALSE,FALSE
20254,M,freq_indep,5.233550247855463,FALSE,FALSE
20254,E,freq_indep,4.645763582953345,FALSE,FALSE
20255,M,freq_indep,4.302578988011656,FALSE,FALSE
20255,E,freq_indep,4.942237483620615,FALSE,FALSE
20256,M,freq_indep,5.100011597309828,FALSE,FALSE
20256,E,freq_indep,4.589185973543837,FALSE,FALSE
20257,M,freq_indep,4.1191823442981015,FALSE,FALSE
20257,E,freq_indep,4.443232060920757,FALSE,FALSE
20258,M,freq_indep,5.148801761479259,FALSE,FALSE
20258,E,freq_indep,4.966480204685305,FALSE,FALSE
20259,M,freq_indep,5.947309457697031,FALSE,FALSE
20259,E,freq_indep,4.455654580919314,FALSE,FALSE
20260,M,freq_indep,4.1191823442981015,FALSE,FALSE
20260,E,freq_indep,4.406864416749882,FALSE,FALSE
20261,M,freq_indep,4.94586091748257,FALSE,FALSE
20261,E,freq_indep,4.848697169028921,FALSE,FALSE
20262,M,freq_indep,4.812329524858047,FALSE,FALSE
20315,E,freq_indep,5.578219251680855,FALSE,FALSE
20316,M,freq_indep,4.260917762047916,FALSE,FALSE
20316,E,freq_indep,5.139712336371398,FALSE,FALSE
20317,M,freq_indep,4.446565155811453,FALSE,FALSE
20317,E,freq_indep,4.477573528883383,FALSE,FALSE
20318,M,freq_indep,4.7934264783018605,FALSE,FALSE
20318,E,freq_indep,4.641639865769482,FALSE,FALSE
20319,M,freq_indep,4.220426400693179,FALSE,FALSE
20319,E,freq_indep,4.384033548046783,FALSE,FALSE
20320,M,freq_indep,4.602722749011613,FALSE,FALSE
20320,E,freq_indep,4.701345792068845,FALSE,FALSE
20321,M,freq_indep,5.037818028690058,FALSE,FALSE
20321,E,freq_indep,4.309329925834847,FALSE,FALSE
20322,M,freq_indep,4.479228962630245,FALSE,FALSE
20322,E,freq_indep,4.913471545642608,FALSE,FALSE
20323,M,freq_indep,5.606618726202553,FALSE,FALSE
20323,E,freq_indep,4.633539455972004,FALSE,FALSE
20324,M,freq_indep,4.787690135799263,FALSE,FALSE
20324,E,freq_indep,4.171305603358229,FALSE,FALSE
20325,M,freq_indep,4.661511939921484,FALSE,FALSE
20325,E,freq_indep,4.198892247622901,FALSE,FALSE
20326,M,freq_indep,4.555567191561633,FALSE,FALSE
20326,E,freq_indep,4.464995460016807,FALSE,FALSE
20327,M,freq_indep,5.02461124795223,FALSE,FALSE
20327,E,freq_indep,4.645992180508347,FALSE,FALSE
20328,M,freq_indep,4.029806041084529,FALSE,TRUE
20328,E,freq_indep,4.279440045898781,FALSE,FALSE
20329,M,freq_indep,4.184129866094455,FALSE,FALSE
20329,E,freq_indep,4.092490993572778,FALSE,FALSE
20330,M,freq_indep,4.544476117315835,FALSE,FALSE
20330,E,freq_indep,4.619073091157083,FALSE,FALSE
20331,M,freq_indep,6.005367452276974,FALSE,FALSE
20331,E,freq_indep,4.490400462884684,FALSE,FALSE
20332,M,freq_indep,5.406691194758839,FALSE,FALSE
20332,E,freq_indep,5.075173815233827,FALSE,FALSE
20333,M,freq_indep,4.620918542956231,FALSE,FALSE
20333,E,freq_indep,4.645763582953345,FALSE,FALSE
20334,M,freq_indep,4.630015225985206,FALSE,FALSE
20334,E,freq_indep,4.469633072674823,FALSE,FALSE
20335,M,freq_indep,5.12455904041457,FALSE,FALSE
20335,E,freq_indep,4.561015096577141,FALSE,FALSE
20336,M,freq_indep,4.848697169028922,FALSE,FALSE
20336,E,freq_indep,5.341173654126716,FALSE,FALSE
20337,M,freq_indep,4.743336653371095,FALSE,FALSE
20337,E,freq_indep,5.148801761479259,FALSE,FALSE
20338,M,freq_indep,4.966480204685305,FALSE,FALSE
20338,E,freq_indep,4.05018947281115,FALSE,FALSE
20339,M,freq_indep,4.242561365458606,FALSE,FALSE
20339,E,freq_indep,4.812329524858047,FALSE,FALSE
20340,M,freq_indep,4.945860917482569,FALSE,FALSE
20340,E,freq_indep,5.14880176147926,FALSE,FALSE
20341,M,freq_indep,4.966480204685305,FALSE,FALSE
20341,E,freq_indep,4.6480264735667705,FALSE,FALSE
